<annotation>
	<folder>simbol</folder>
	<filename>mi.1e5a8b98-492f-11ed-9211-8c8caa6fc23c.jpg</filename>
	<path>D:\Object Detection\RealTimeObjectDetection\simbol\mi.1e5a8b98-492f-11ed-9211-8c8caa6fc23c.jpg</path>
	<source>
		<database>Unknown</database>
	</source>
	<size>
		<width>640</width>
		<height>480</height>
		<depth>3</depth>
	</size>
	<segmented>0</segmented>
	<object>
		<name>mi</name>
		<pose>Unspecified</pose>
		<truncated>0</truncated>
		<difficult>0</difficult>
		<bndbox>
			<xmin>205</xmin>
			<ymin>171</ymin>
			<xmax>394</xmax>
			<ymax>431</ymax>
		</bndbox>
	</object>
</annotation>
