<annotation>
	<folder>simbol</folder>
	<filename>mi.1d956d63-492f-11ed-a26c-8c8caa6fc23c.jpg</filename>
	<path>D:\Object Detection\RealTimeObjectDetection\simbol\mi.1d956d63-492f-11ed-a26c-8c8caa6fc23c.jpg</path>
	<source>
		<database>Unknown</database>
	</source>
	<size>
		<width>640</width>
		<height>480</height>
		<depth>3</depth>
	</size>
	<segmented>0</segmented>
	<object>
		<name>mi</name>
		<pose>Unspecified</pose>
		<truncated>0</truncated>
		<difficult>0</difficult>
		<bndbox>
			<xmin>65</xmin>
			<ymin>166</ymin>
			<xmax>289</xmax>
			<ymax>436</ymax>
		</bndbox>
	</object>
</annotation>
