<annotation>
	<folder>simbol</folder>
	<filename>mi.1c0ee53e-492f-11ed-b174-8c8caa6fc23c.jpg</filename>
	<path>D:\Object Detection\RealTimeObjectDetection\simbol\mi.1c0ee53e-492f-11ed-b174-8c8caa6fc23c.jpg</path>
	<source>
		<database>Unknown</database>
	</source>
	<size>
		<width>640</width>
		<height>480</height>
		<depth>3</depth>
	</size>
	<segmented>0</segmented>
	<object>
		<name>mi</name>
		<pose>Unspecified</pose>
		<truncated>0</truncated>
		<difficult>0</difficult>
		<bndbox>
			<xmin>243</xmin>
			<ymin>208</ymin>
			<xmax>410</xmax>
			<ymax>456</ymax>
		</bndbox>
	</object>
</annotation>
