<annotation>
	<folder>simbol</folder>
	<filename>mi.1f9842d9-492f-11ed-8063-8c8caa6fc23c.jpg</filename>
	<path>D:\Object Detection\RealTimeObjectDetection\simbol\mi.1f9842d9-492f-11ed-8063-8c8caa6fc23c.jpg</path>
	<source>
		<database>Unknown</database>
	</source>
	<size>
		<width>640</width>
		<height>480</height>
		<depth>3</depth>
	</size>
	<segmented>0</segmented>
	<object>
		<name>mi</name>
		<pose>Unspecified</pose>
		<truncated>0</truncated>
		<difficult>0</difficult>
		<bndbox>
			<xmin>337</xmin>
			<ymin>163</ymin>
			<xmax>487</xmax>
			<ymax>417</ymax>
		</bndbox>
	</object>
</annotation>
