<annotation>
	<folder>simbol</folder>
	<filename>mi.1ef4a666-492f-11ed-8bd4-8c8caa6fc23c.jpg</filename>
	<path>D:\Object Detection\RealTimeObjectDetection\simbol\mi.1ef4a666-492f-11ed-8bd4-8c8caa6fc23c.jpg</path>
	<source>
		<database>Unknown</database>
	</source>
	<size>
		<width>640</width>
		<height>480</height>
		<depth>3</depth>
	</size>
	<segmented>0</segmented>
	<object>
		<name>mi</name>
		<pose>Unspecified</pose>
		<truncated>0</truncated>
		<difficult>0</difficult>
		<bndbox>
			<xmin>234</xmin>
			<ymin>244</ymin>
			<xmax>391</xmax>
			<ymax>470</ymax>
		</bndbox>
	</object>
</annotation>
