<annotation>
	<folder>simbol</folder>
	<filename>mi.21ee9529-492f-11ed-85ea-8c8caa6fc23c.jpg</filename>
	<path>D:\Object Detection\RealTimeObjectDetection\simbol\mi.21ee9529-492f-11ed-85ea-8c8caa6fc23c.jpg</path>
	<source>
		<database>Unknown</database>
	</source>
	<size>
		<width>640</width>
		<height>480</height>
		<depth>3</depth>
	</size>
	<segmented>0</segmented>
	<object>
		<name>mi</name>
		<pose>Unspecified</pose>
		<truncated>0</truncated>
		<difficult>0</difficult>
		<bndbox>
			<xmin>366</xmin>
			<ymin>3</ymin>
			<xmax>531</xmax>
			<ymax>268</ymax>
		</bndbox>
	</object>
</annotation>
