<annotation>
	<folder>simbol</folder>
	<filename>ne.dbabb687-492e-11ed-b8f3-8c8caa6fc23c.jpg</filename>
	<path>D:\Object Detection\RealTimeObjectDetection\simbol\ne.dbabb687-492e-11ed-b8f3-8c8caa6fc23c.jpg</path>
	<source>
		<database>Unknown</database>
	</source>
	<size>
		<width>640</width>
		<height>480</height>
		<depth>3</depth>
	</size>
	<segmented>0</segmented>
	<object>
		<name>ne</name>
		<pose>Unspecified</pose>
		<truncated>0</truncated>
		<difficult>0</difficult>
		<bndbox>
			<xmin>50</xmin>
			<ymin>81</ymin>
			<xmax>260</xmax>
			<ymax>464</ymax>
		</bndbox>
	</object>
</annotation>
