<annotation>
	<folder>simbol</folder>
	<filename>ne.df1300a8-492e-11ed-9642-8c8caa6fc23c.jpg</filename>
	<path>D:\Object Detection\RealTimeObjectDetection\simbol\ne.df1300a8-492e-11ed-9642-8c8caa6fc23c.jpg</path>
	<source>
		<database>Unknown</database>
	</source>
	<size>
		<width>640</width>
		<height>480</height>
		<depth>3</depth>
	</size>
	<segmented>0</segmented>
	<object>
		<name>ne</name>
		<pose>Unspecified</pose>
		<truncated>0</truncated>
		<difficult>0</difficult>
		<bndbox>
			<xmin>263</xmin>
			<ymin>61</ymin>
			<xmax>514</xmax>
			<ymax>423</ymax>
		</bndbox>
	</object>
</annotation>
