<annotation>
	<folder>simbol</folder>
	<filename>ne.dc69f033-492e-11ed-a230-8c8caa6fc23c.jpg</filename>
	<path>D:\Object Detection\RealTimeObjectDetection\simbol\ne.dc69f033-492e-11ed-a230-8c8caa6fc23c.jpg</path>
	<source>
		<database>Unknown</database>
	</source>
	<size>
		<width>640</width>
		<height>480</height>
		<depth>3</depth>
	</size>
	<segmented>0</segmented>
	<object>
		<name>ne</name>
		<pose>Unspecified</pose>
		<truncated>0</truncated>
		<difficult>0</difficult>
		<bndbox>
			<xmin>130</xmin>
			<ymin>76</ymin>
			<xmax>348</xmax>
			<ymax>463</ymax>
		</bndbox>
	</object>
</annotation>
