<annotation>
	<folder>simbol</folder>
	<filename>ne.dfa9f401-492e-11ed-9cd7-8c8caa6fc23c.jpg</filename>
	<path>D:\Object Detection\RealTimeObjectDetection\simbol\ne.dfa9f401-492e-11ed-9cd7-8c8caa6fc23c.jpg</path>
	<source>
		<database>Unknown</database>
	</source>
	<size>
		<width>640</width>
		<height>480</height>
		<depth>3</depth>
	</size>
	<segmented>0</segmented>
	<object>
		<name>ne</name>
		<pose>Unspecified</pose>
		<truncated>0</truncated>
		<difficult>0</difficult>
		<bndbox>
			<xmin>193</xmin>
			<ymin>75</ymin>
			<xmax>426</xmax>
			<ymax>428</ymax>
		</bndbox>
	</object>
</annotation>
