<annotation>
	<folder>simbol</folder>
	<filename>ne.ddcb91d8-492e-11ed-8f16-8c8caa6fc23c.jpg</filename>
	<path>D:\Object Detection\RealTimeObjectDetection\simbol\ne.ddcb91d8-492e-11ed-8f16-8c8caa6fc23c.jpg</path>
	<source>
		<database>Unknown</database>
	</source>
	<size>
		<width>640</width>
		<height>480</height>
		<depth>3</depth>
	</size>
	<segmented>0</segmented>
	<object>
		<name>ne</name>
		<pose>Unspecified</pose>
		<truncated>1</truncated>
		<difficult>0</difficult>
		<bndbox>
			<xmin>422</xmin>
			<ymin>62</ymin>
			<xmax>640</xmax>
			<ymax>435</ymax>
		</bndbox>
	</object>
</annotation>
