<annotation>
	<folder>simbol</folder>
	<filename>ne.e1ea3714-492e-11ed-bf4b-8c8caa6fc23c.jpg</filename>
	<path>D:\Object Detection\RealTimeObjectDetection\simbol\ne.e1ea3714-492e-11ed-bf4b-8c8caa6fc23c.jpg</path>
	<source>
		<database>Unknown</database>
	</source>
	<size>
		<width>640</width>
		<height>480</height>
		<depth>3</depth>
	</size>
	<segmented>0</segmented>
	<object>
		<name>ne</name>
		<pose>Unspecified</pose>
		<truncated>0</truncated>
		<difficult>0</difficult>
		<bndbox>
			<xmin>198</xmin>
			<ymin>35</ymin>
			<xmax>484</xmax>
			<ymax>442</ymax>
		</bndbox>
	</object>
</annotation>
