<annotation>
	<folder>simbol</folder>
	<filename>saru.81de4643-492e-11ed-9def-8c8caa6fc23c.jpg</filename>
	<path>D:\Object Detection\RealTimeObjectDetection\simbol\saru.81de4643-492e-11ed-9def-8c8caa6fc23c.jpg</path>
	<source>
		<database>Unknown</database>
	</source>
	<size>
		<width>640</width>
		<height>480</height>
		<depth>3</depth>
	</size>
	<segmented>0</segmented>
	<object>
		<name>saru</name>
		<pose>Unspecified</pose>
		<truncated>0</truncated>
		<difficult>0</difficult>
		<bndbox>
			<xmin>104</xmin>
			<ymin>140</ymin>
			<xmax>493</xmax>
			<ymax>356</ymax>
		</bndbox>
	</object>
</annotation>
