<annotation>
	<folder>simbol</folder>
	<filename>saru.4ccadc60-492e-11ed-a886-8c8caa6fc23c.jpg</filename>
	<path>D:\Object Detection\RealTimeObjectDetection\simbol\saru.4ccadc60-492e-11ed-a886-8c8caa6fc23c.jpg</path>
	<source>
		<database>Unknown</database>
	</source>
	<size>
		<width>640</width>
		<height>480</height>
		<depth>3</depth>
	</size>
	<segmented>0</segmented>
	<object>
		<name>saru</name>
		<pose>Unspecified</pose>
		<truncated>0</truncated>
		<difficult>0</difficult>
		<bndbox>
			<xmin>142</xmin>
			<ymin>301</ymin>
			<xmax>454</xmax>
			<ymax>468</ymax>
		</bndbox>
	</object>
</annotation>
