<annotation>
	<folder>simbol</folder>
	<filename>saru.7f01e221-492e-11ed-ae57-8c8caa6fc23c.jpg</filename>
	<path>D:\Object Detection\RealTimeObjectDetection\simbol\saru.7f01e221-492e-11ed-ae57-8c8caa6fc23c.jpg</path>
	<source>
		<database>Unknown</database>
	</source>
	<size>
		<width>640</width>
		<height>480</height>
		<depth>3</depth>
	</size>
	<segmented>0</segmented>
	<object>
		<name>saru</name>
		<pose>Unspecified</pose>
		<truncated>0</truncated>
		<difficult>0</difficult>
		<bndbox>
			<xmin>163</xmin>
			<ymin>257</ymin>
			<xmax>555</xmax>
			<ymax>454</ymax>
		</bndbox>
	</object>
</annotation>
