<annotation>
	<folder>simbol</folder>
	<filename>saru.82dc617f-492e-11ed-87e2-8c8caa6fc23c.jpg</filename>
	<path>D:\Object Detection\RealTimeObjectDetection\simbol\saru.82dc617f-492e-11ed-87e2-8c8caa6fc23c.jpg</path>
	<source>
		<database>Unknown</database>
	</source>
	<size>
		<width>640</width>
		<height>480</height>
		<depth>3</depth>
	</size>
	<segmented>0</segmented>
	<object>
		<name>saru</name>
		<pose>Unspecified</pose>
		<truncated>1</truncated>
		<difficult>0</difficult>
		<bndbox>
			<xmin>259</xmin>
			<ymin>95</ymin>
			<xmax>640</xmax>
			<ymax>292</ymax>
		</bndbox>
	</object>
</annotation>
