<annotation>
	<folder>simbol</folder>
	<filename>saru.50c7e0ac-492e-11ed-bdc9-8c8caa6fc23c.jpg</filename>
	<path>D:\Object Detection\RealTimeObjectDetection\simbol\saru.50c7e0ac-492e-11ed-bdc9-8c8caa6fc23c.jpg</path>
	<source>
		<database>Unknown</database>
	</source>
	<size>
		<width>640</width>
		<height>480</height>
		<depth>3</depth>
	</size>
	<segmented>0</segmented>
	<object>
		<name>saru</name>
		<pose>Unspecified</pose>
		<truncated>0</truncated>
		<difficult>0</difficult>
		<bndbox>
			<xmin>135</xmin>
			<ymin>245</ymin>
			<xmax>449</xmax>
			<ymax>429</ymax>
		</bndbox>
	</object>
</annotation>
