<annotation>
	<folder>simbol</folder>
	<filename>tatsu.b47753f4-492e-11ed-b4ee-8c8caa6fc23c.jpg</filename>
	<path>D:\Object Detection\RealTimeObjectDetection\simbol\tatsu.b47753f4-492e-11ed-b4ee-8c8caa6fc23c.jpg</path>
	<source>
		<database>Unknown</database>
	</source>
	<size>
		<width>640</width>
		<height>480</height>
		<depth>3</depth>
	</size>
	<segmented>0</segmented>
	<object>
		<name>tatsu</name>
		<pose>Unspecified</pose>
		<truncated>0</truncated>
		<difficult>0</difficult>
		<bndbox>
			<xmin>208</xmin>
			<ymin>180</ymin>
			<xmax>421</xmax>
			<ymax>477</ymax>
		</bndbox>
	</object>
</annotation>
