<annotation>
	<folder>simbol</folder>
	<filename>tatsu.68691329-492f-11ed-8466-8c8caa6fc23c.jpg</filename>
	<path>D:\Object Detection\RealTimeObjectDetection\simbol\tatsu.68691329-492f-11ed-8466-8c8caa6fc23c.jpg</path>
	<source>
		<database>Unknown</database>
	</source>
	<size>
		<width>640</width>
		<height>480</height>
		<depth>3</depth>
	</size>
	<segmented>0</segmented>
	<object>
		<name>tatsu</name>
		<pose>Unspecified</pose>
		<truncated>0</truncated>
		<difficult>0</difficult>
		<bndbox>
			<xmin>312</xmin>
			<ymin>101</ymin>
			<xmax>569</xmax>
			<ymax>446</ymax>
		</bndbox>
	</object>
</annotation>
