<annotation>
	<folder>simbol</folder>
	<filename>tatsu.b727340f-492e-11ed-87f7-8c8caa6fc23c.jpg</filename>
	<path>D:\Object Detection\RealTimeObjectDetection\simbol\tatsu.b727340f-492e-11ed-87f7-8c8caa6fc23c.jpg</path>
	<source>
		<database>Unknown</database>
	</source>
	<size>
		<width>640</width>
		<height>480</height>
		<depth>3</depth>
	</size>
	<segmented>0</segmented>
	<object>
		<name>tatsu</name>
		<pose>Unspecified</pose>
		<truncated>1</truncated>
		<difficult>0</difficult>
		<bndbox>
			<xmin>86</xmin>
			<ymin>1</ymin>
			<xmax>297</xmax>
			<ymax>275</ymax>
		</bndbox>
	</object>
</annotation>
