<annotation>
	<folder>simbol</folder>
	<filename>tatsu.66c3676c-492f-11ed-abc1-8c8caa6fc23c.jpg</filename>
	<path>D:\Object Detection\RealTimeObjectDetection\simbol\tatsu.66c3676c-492f-11ed-abc1-8c8caa6fc23c.jpg</path>
	<source>
		<database>Unknown</database>
	</source>
	<size>
		<width>640</width>
		<height>480</height>
		<depth>3</depth>
	</size>
	<segmented>0</segmented>
	<object>
		<name>tatsu</name>
		<pose>Unspecified</pose>
		<truncated>0</truncated>
		<difficult>0</difficult>
		<bndbox>
			<xmin>35</xmin>
			<ymin>162</ymin>
			<xmax>275</xmax>
			<ymax>436</ymax>
		</bndbox>
	</object>
</annotation>
