<annotation>
	<folder>simbol</folder>
	<filename>tori.0a6a39fa-492f-11ed-a4c6-8c8caa6fc23c.jpg</filename>
	<path>D:\Object Detection\RealTimeObjectDetection\simbol\tori.0a6a39fa-492f-11ed-a4c6-8c8caa6fc23c.jpg</path>
	<source>
		<database>Unknown</database>
	</source>
	<size>
		<width>640</width>
		<height>480</height>
		<depth>3</depth>
	</size>
	<segmented>0</segmented>
	<object>
		<name>tori</name>
		<pose>Unspecified</pose>
		<truncated>0</truncated>
		<difficult>0</difficult>
		<bndbox>
			<xmin>124</xmin>
			<ymin>77</ymin>
			<xmax>381</xmax>
			<ymax>414</ymax>
		</bndbox>
	</object>
</annotation>
