<annotation>
	<folder>simbol</folder>
	<filename>tori.0b0b3a17-492f-11ed-83f7-8c8caa6fc23c.jpg</filename>
	<path>D:\Object Detection\RealTimeObjectDetection\simbol\tori.0b0b3a17-492f-11ed-83f7-8c8caa6fc23c.jpg</path>
	<source>
		<database>Unknown</database>
	</source>
	<size>
		<width>640</width>
		<height>480</height>
		<depth>3</depth>
	</size>
	<segmented>0</segmented>
	<object>
		<name>tori</name>
		<pose>Unspecified</pose>
		<truncated>0</truncated>
		<difficult>0</difficult>
		<bndbox>
			<xmin>69</xmin>
			<ymin>32</ymin>
			<xmax>325</xmax>
			<ymax>335</ymax>
		</bndbox>
	</object>
</annotation>
