<annotation>
	<folder>simbol</folder>
	<filename>tori.06c7cdb4-492f-11ed-b5a3-8c8caa6fc23c.jpg</filename>
	<path>D:\Object Detection\RealTimeObjectDetection\simbol\tori.06c7cdb4-492f-11ed-b5a3-8c8caa6fc23c.jpg</path>
	<source>
		<database>Unknown</database>
	</source>
	<size>
		<width>640</width>
		<height>480</height>
		<depth>3</depth>
	</size>
	<segmented>0</segmented>
	<object>
		<name>tori</name>
		<pose>Unspecified</pose>
		<truncated>0</truncated>
		<difficult>0</difficult>
		<bndbox>
			<xmin>18</xmin>
			<ymin>154</ymin>
			<xmax>266</xmax>
			<ymax>425</ymax>
		</bndbox>
	</object>
</annotation>
