<annotation>
	<folder>simbol</folder>
	<filename>tori.03f9a135-492f-11ed-bdd0-8c8caa6fc23c.jpg</filename>
	<path>D:\Object Detection\RealTimeObjectDetection\simbol\tori.03f9a135-492f-11ed-bdd0-8c8caa6fc23c.jpg</path>
	<source>
		<database>Unknown</database>
	</source>
	<size>
		<width>640</width>
		<height>480</height>
		<depth>3</depth>
	</size>
	<segmented>0</segmented>
	<object>
		<name>tori</name>
		<pose>Unspecified</pose>
		<truncated>0</truncated>
		<difficult>0</difficult>
		<bndbox>
			<xmin>195</xmin>
			<ymin>161</ymin>
			<xmax>427</xmax>
			<ymax>411</ymax>
		</bndbox>
	</object>
</annotation>
