<annotation>
	<folder>simbol</folder>
	<filename>ushi.3e6a0b97-492f-11ed-9eb6-8c8caa6fc23c.jpg</filename>
	<path>D:\Object Detection\RealTimeObjectDetection\simbol\ushi.3e6a0b97-492f-11ed-9eb6-8c8caa6fc23c.jpg</path>
	<source>
		<database>Unknown</database>
	</source>
	<size>
		<width>640</width>
		<height>480</height>
		<depth>3</depth>
	</size>
	<segmented>0</segmented>
	<object>
		<name>ushi</name>
		<pose>Unspecified</pose>
		<truncated>0</truncated>
		<difficult>0</difficult>
		<bndbox>
			<xmin>24</xmin>
			<ymin>80</ymin>
			<xmax>270</xmax>
			<ymax>330</ymax>
		</bndbox>
	</object>
</annotation>
