<annotation>
	<folder>simbol</folder>
	<filename>ushi.39c98baf-492f-11ed-ba82-8c8caa6fc23c.jpg</filename>
	<path>D:\Object Detection\RealTimeObjectDetection\simbol\ushi.39c98baf-492f-11ed-ba82-8c8caa6fc23c.jpg</path>
	<source>
		<database>Unknown</database>
	</source>
	<size>
		<width>640</width>
		<height>480</height>
		<depth>3</depth>
	</size>
	<segmented>0</segmented>
	<object>
		<name>ushi</name>
		<pose>Unspecified</pose>
		<truncated>0</truncated>
		<difficult>0</difficult>
		<bndbox>
			<xmin>272</xmin>
			<ymin>29</ymin>
			<xmax>507</xmax>
			<ymax>300</ymax>
		</bndbox>
	</object>
</annotation>
