<annotation>
	<folder>simbol</folder>
	<filename>ushi.3d5b1378-492f-11ed-b54a-8c8caa6fc23c.jpg</filename>
	<path>D:\Object Detection\RealTimeObjectDetection\simbol\ushi.3d5b1378-492f-11ed-b54a-8c8caa6fc23c.jpg</path>
	<source>
		<database>Unknown</database>
	</source>
	<size>
		<width>640</width>
		<height>480</height>
		<depth>3</depth>
	</size>
	<segmented>0</segmented>
	<object>
		<name>ushi</name>
		<pose>Unspecified</pose>
		<truncated>0</truncated>
		<difficult>0</difficult>
		<bndbox>
			<xmin>88</xmin>
			<ymin>23</ymin>
			<xmax>338</xmax>
			<ymax>286</ymax>
		</bndbox>
	</object>
</annotation>
