<annotation>
	<folder>simbol</folder>
	<filename>ushi.3becb5ae-492f-11ed-acc8-8c8caa6fc23c.jpg</filename>
	<path>D:\Object Detection\RealTimeObjectDetection\simbol\ushi.3becb5ae-492f-11ed-acc8-8c8caa6fc23c.jpg</path>
	<source>
		<database>Unknown</database>
	</source>
	<size>
		<width>640</width>
		<height>480</height>
		<depth>3</depth>
	</size>
	<segmented>0</segmented>
	<object>
		<name>ushi</name>
		<pose>Unspecified</pose>
		<truncated>0</truncated>
		<difficult>0</difficult>
		<bndbox>
			<xmin>8</xmin>
			<ymin>101</ymin>
			<xmax>258</xmax>
			<ymax>382</ymax>
		</bndbox>
	</object>
</annotation>
