<annotation>
	<folder>simbol</folder>
	<filename>ushi.3b26d21f-492f-11ed-beaf-8c8caa6fc23c.jpg</filename>
	<path>D:\Object Detection\RealTimeObjectDetection\simbol\ushi.3b26d21f-492f-11ed-beaf-8c8caa6fc23c.jpg</path>
	<source>
		<database>Unknown</database>
	</source>
	<size>
		<width>640</width>
		<height>480</height>
		<depth>3</depth>
	</size>
	<segmented>0</segmented>
	<object>
		<name>ushi</name>
		<pose>Unspecified</pose>
		<truncated>0</truncated>
		<difficult>0</difficult>
		<bndbox>
			<xmin>71</xmin>
			<ymin>234</ymin>
			<xmax>322</xmax>
			<ymax>447</ymax>
		</bndbox>
	</object>
</annotation>
