<annotation>
	<folder>simbol</folder>
	<filename>ushi.3a6f60bf-492f-11ed-87cc-8c8caa6fc23c.jpg</filename>
	<path>D:\Object Detection\RealTimeObjectDetection\simbol\ushi.3a6f60bf-492f-11ed-87cc-8c8caa6fc23c.jpg</path>
	<source>
		<database>Unknown</database>
	</source>
	<size>
		<width>640</width>
		<height>480</height>
		<depth>3</depth>
	</size>
	<segmented>0</segmented>
	<object>
		<name>ushi</name>
		<pose>Unspecified</pose>
		<truncated>0</truncated>
		<difficult>0</difficult>
		<bndbox>
			<xmin>271</xmin>
			<ymin>214</ymin>
			<xmax>505</xmax>
			<ymax>431</ymax>
		</bndbox>
	</object>
</annotation>
