<annotation>
	<folder>simbol</folder>
	<filename>ushi.37b2b9ca-492f-11ed-af2c-8c8caa6fc23c.jpg</filename>
	<path>D:\Object Detection\RealTimeObjectDetection\simbol\ushi.37b2b9ca-492f-11ed-af2c-8c8caa6fc23c.jpg</path>
	<source>
		<database>Unknown</database>
	</source>
	<size>
		<width>640</width>
		<height>480</height>
		<depth>3</depth>
	</size>
	<segmented>0</segmented>
	<object>
		<name>ushi</name>
		<pose>Unspecified</pose>
		<truncated>0</truncated>
		<difficult>0</difficult>
		<bndbox>
			<xmin>247</xmin>
			<ymin>146</ymin>
			<xmax>489</xmax>
			<ymax>394</ymax>
		</bndbox>
	</object>
</annotation>
