<annotation>
	<folder>collectedimages</folder>
	<filename>besok.2f3db209-34e6-11ed-b575-c03fd5a31d89.jpg</filename>
	<path>E:\RealTimeObjectDetection\Tensorflow\workspace\images\collectedimages\besok.2f3db209-34e6-11ed-b575-c03fd5a31d89.jpg</path>
	<source>
		<database>Unknown</database>
	</source>
	<size>
		<width>640</width>
		<height>480</height>
		<depth>3</depth>
	</size>
	<segmented>0</segmented>
	<object>
		<name>Besok</name>
		<pose>Unspecified</pose>
		<truncated>0</truncated>
		<difficult>0</difficult>
		<bndbox>
			<xmin>132</xmin>
			<ymin>66</ymin>
			<xmax>432</xmax>
			<ymax>328</ymax>
		</bndbox>
	</object>
</annotation>
