<annotation>
	<folder>collectedimages</folder>
	<filename>besok.04a1a1b9-34e6-11ed-a669-c03fd5a31d89.jpg</filename>
	<path>E:\RealTimeObjectDetection\Tensorflow\workspace\images\collectedimages\besok.04a1a1b9-34e6-11ed-a669-c03fd5a31d89.jpg</path>
	<source>
		<database>Unknown</database>
	</source>
	<size>
		<width>640</width>
		<height>480</height>
		<depth>3</depth>
	</size>
	<segmented>0</segmented>
	<object>
		<name>Besok</name>
		<pose>Unspecified</pose>
		<truncated>0</truncated>
		<difficult>0</difficult>
		<bndbox>
			<xmin>220</xmin>
			<ymin>22</ymin>
			<xmax>442</xmax>
			<ymax>289</ymax>
		</bndbox>
	</object>
</annotation>
