<annotation>
	<folder>collectedimages</folder>
	<filename>besok.1cfe48bd-34e6-11ed-ba8f-c03fd5a31d89.jpg</filename>
	<path>E:\RealTimeObjectDetection\Tensorflow\workspace\images\collectedimages\besok.1cfe48bd-34e6-11ed-ba8f-c03fd5a31d89.jpg</path>
	<source>
		<database>Unknown</database>
	</source>
	<size>
		<width>640</width>
		<height>480</height>
		<depth>3</depth>
	</size>
	<segmented>0</segmented>
	<object>
		<name>Besok</name>
		<pose>Unspecified</pose>
		<truncated>0</truncated>
		<difficult>0</difficult>
		<bndbox>
			<xmin>210</xmin>
			<ymin>19</ymin>
			<xmax>439</xmax>
			<ymax>287</ymax>
		</bndbox>
	</object>
</annotation>
