<annotation>
	<folder>collectedimages</folder>
	<filename>besok.1f70334f-34e6-11ed-a5a1-c03fd5a31d89.jpg</filename>
	<path>E:\RealTimeObjectDetection\Tensorflow\workspace\images\collectedimages\besok.1f70334f-34e6-11ed-a5a1-c03fd5a31d89.jpg</path>
	<source>
		<database>Unknown</database>
	</source>
	<size>
		<width>640</width>
		<height>480</height>
		<depth>3</depth>
	</size>
	<segmented>0</segmented>
	<object>
		<name>Besok</name>
		<pose>Unspecified</pose>
		<truncated>0</truncated>
		<difficult>0</difficult>
		<bndbox>
			<xmin>185</xmin>
			<ymin>86</ymin>
			<xmax>429</xmax>
			<ymax>304</ymax>
		</bndbox>
	</object>
</annotation>
