<annotation>
	<folder>collectedimages</folder>
	<filename>besok.16e7d889-34e6-11ed-8c53-c03fd5a31d89.jpg</filename>
	<path>E:\RealTimeObjectDetection\Tensorflow\workspace\images\collectedimages\besok.16e7d889-34e6-11ed-8c53-c03fd5a31d89.jpg</path>
	<source>
		<database>Unknown</database>
	</source>
	<size>
		<width>640</width>
		<height>480</height>
		<depth>3</depth>
	</size>
	<segmented>0</segmented>
	<object>
		<name>Besok</name>
		<pose>Unspecified</pose>
		<truncated>0</truncated>
		<difficult>0</difficult>
		<bndbox>
			<xmin>154</xmin>
			<ymin>81</ymin>
			<xmax>425</xmax>
			<ymax>339</ymax>
		</bndbox>
	</object>
</annotation>
