<annotation>
	<folder>collectedimages</folder>
	<filename>dia.d60de584-34e3-11ed-b2af-c03fd5a31d89.jpg</filename>
	<path>E:\RealTimeObjectDetection\Tensorflow\workspace\images\collectedimages\dia.d60de584-34e3-11ed-b2af-c03fd5a31d89.jpg</path>
	<source>
		<database>Unknown</database>
	</source>
	<size>
		<width>640</width>
		<height>480</height>
		<depth>3</depth>
	</size>
	<segmented>0</segmented>
	<object>
		<name>Dia</name>
		<pose>Unspecified</pose>
		<truncated>0</truncated>
		<difficult>0</difficult>
		<bndbox>
			<xmin>226</xmin>
			<ymin>117</ymin>
			<xmax>442</xmax>
			<ymax>390</ymax>
		</bndbox>
	</object>
</annotation>
