<annotation>
	<folder>collectedimages</folder>
	<filename>dia.cb14ad21-34e3-11ed-9df0-c03fd5a31d89.jpg</filename>
	<path>E:\RealTimeObjectDetection\Tensorflow\workspace\images\collectedimages\dia.cb14ad21-34e3-11ed-9df0-c03fd5a31d89.jpg</path>
	<source>
		<database>Unknown</database>
	</source>
	<size>
		<width>640</width>
		<height>480</height>
		<depth>3</depth>
	</size>
	<segmented>0</segmented>
	<object>
		<name>Dia</name>
		<pose>Unspecified</pose>
		<truncated>1</truncated>
		<difficult>0</difficult>
		<bndbox>
			<xmin>1</xmin>
			<ymin>152</ymin>
			<xmax>257</xmax>
			<ymax>360</ymax>
		</bndbox>
	</object>
</annotation>
