<annotation>
	<folder>collectedimages</folder>
	<filename>dia.dc24c96e-34e3-11ed-a279-c03fd5a31d89.jpg</filename>
	<path>E:\RealTimeObjectDetection\Tensorflow\workspace\images\collectedimages\dia.dc24c96e-34e3-11ed-a279-c03fd5a31d89.jpg</path>
	<source>
		<database>Unknown</database>
	</source>
	<size>
		<width>640</width>
		<height>480</height>
		<depth>3</depth>
	</size>
	<segmented>0</segmented>
	<object>
		<name>Dia</name>
		<pose>Unspecified</pose>
		<truncated>0</truncated>
		<difficult>0</difficult>
		<bndbox>
			<xmin>250</xmin>
			<ymin>119</ymin>
			<xmax>510</xmax>
			<ymax>348</ymax>
		</bndbox>
	</object>
</annotation>
