<annotation>
	<folder>collectedimages</folder>
	<filename>dia.d4d6c6c8-34e3-11ed-9a22-c03fd5a31d89.jpg</filename>
	<path>E:\RealTimeObjectDetection\Tensorflow\workspace\images\collectedimages\dia.d4d6c6c8-34e3-11ed-9a22-c03fd5a31d89.jpg</path>
	<source>
		<database>Unknown</database>
	</source>
	<size>
		<width>640</width>
		<height>480</height>
		<depth>3</depth>
	</size>
	<segmented>0</segmented>
	<object>
		<name>Dia</name>
		<pose>Unspecified</pose>
		<truncated>0</truncated>
		<difficult>0</difficult>
		<bndbox>
			<xmin>200</xmin>
			<ymin>76</ymin>
			<xmax>407</xmax>
			<ymax>328</ymax>
		</bndbox>
	</object>
</annotation>
