<annotation>
	<folder>collectedimages</folder>
	<filename>dia.d9b49d63-34e3-11ed-8df6-c03fd5a31d89.jpg</filename>
	<path>E:\RealTimeObjectDetection\Tensorflow\workspace\images\collectedimages\dia.d9b49d63-34e3-11ed-8df6-c03fd5a31d89.jpg</path>
	<source>
		<database>Unknown</database>
	</source>
	<size>
		<width>640</width>
		<height>480</height>
		<depth>3</depth>
	</size>
	<segmented>0</segmented>
	<object>
		<name>Dia</name>
		<pose>Unspecified</pose>
		<truncated>0</truncated>
		<difficult>0</difficult>
		<bndbox>
			<xmin>203</xmin>
			<ymin>98</ymin>
			<xmax>403</xmax>
			<ymax>380</ymax>
		</bndbox>
	</object>
</annotation>
