<annotation>
	<folder>collectedimages</folder>
	<filename>dia.e4ab7f98-34e3-11ed-a6f9-c03fd5a31d89.jpg</filename>
	<path>E:\RealTimeObjectDetection\Tensorflow\workspace\images\collectedimages\dia.e4ab7f98-34e3-11ed-a6f9-c03fd5a31d89.jpg</path>
	<source>
		<database>Unknown</database>
	</source>
	<size>
		<width>640</width>
		<height>480</height>
		<depth>3</depth>
	</size>
	<segmented>0</segmented>
	<object>
		<name>Dia</name>
		<pose>Unspecified</pose>
		<truncated>0</truncated>
		<difficult>0</difficult>
		<bndbox>
			<xmin>191</xmin>
			<ymin>137</ymin>
			<xmax>451</xmax>
			<ymax>365</ymax>
		</bndbox>
	</object>
</annotation>
