<annotation>
	<folder>collectedimages</folder>
	<filename>hai.63a6422a-366d-11ed-8e4f-c03fd5a31d89.jpg</filename>
	<path>E:\RealTimeObjectDetection\Tensorflow\workspace\images\collectedimages\hai.63a6422a-366d-11ed-8e4f-c03fd5a31d89.jpg</path>
	<source>
		<database>Unknown</database>
	</source>
	<size>
		<width>640</width>
		<height>480</height>
		<depth>3</depth>
	</size>
	<segmented>0</segmented>
	<object>
		<name>Hai</name>
		<pose>Unspecified</pose>
		<truncated>1</truncated>
		<difficult>0</difficult>
		<bndbox>
			<xmin>1</xmin>
			<ymin>109</ymin>
			<xmax>254</xmax>
			<ymax>422</ymax>
		</bndbox>
	</object>
</annotation>
