<annotation>
	<folder>collectedimages</folder>
	<filename>hai.5d8fea1e-366d-11ed-8371-c03fd5a31d89 - Copy.jpg</filename>
	<path>E:\RealTimeObjectDetection\Tensorflow\workspace\images\collectedimages\hai.5d8fea1e-366d-11ed-8371-c03fd5a31d89 - Copy.jpg</path>
	<source>
		<database>Unknown</database>
	</source>
	<size>
		<width>640</width>
		<height>480</height>
		<depth>3</depth>
	</size>
	<segmented>0</segmented>
	<object>
		<name>Hai</name>
		<pose>Unspecified</pose>
		<truncated>0</truncated>
		<difficult>0</difficult>
		<bndbox>
			<xmin>51</xmin>
			<ymin>80</ymin>
			<xmax>381</xmax>
			<ymax>419</ymax>
		</bndbox>
	</object>
</annotation>
