<annotation>
	<folder>collectedimages</folder>
	<filename>hai.7244e5c4-366d-11ed-bd7e-c03fd5a31d89.jpg</filename>
	<path>E:\RealTimeObjectDetection\Tensorflow\workspace\images\collectedimages\hai.7244e5c4-366d-11ed-bd7e-c03fd5a31d89.jpg</path>
	<source>
		<database>Unknown</database>
	</source>
	<size>
		<width>640</width>
		<height>480</height>
		<depth>3</depth>
	</size>
	<segmented>0</segmented>
	<object>
		<name>Hai</name>
		<pose>Unspecified</pose>
		<truncated>0</truncated>
		<difficult>0</difficult>
		<bndbox>
			<xmin>108</xmin>
			<ymin>37</ymin>
			<xmax>379</xmax>
			<ymax>352</ymax>
		</bndbox>
	</object>
</annotation>
