<annotation>
	<folder>collectedimages</folder>
	<filename>hai.2606df3b-34e2-11ed-bbcf-c03fd5a31d89.jpg</filename>
	<path>E:\RealTimeObjectDetection\Tensorflow\workspace\images\collectedimages\hai.2606df3b-34e2-11ed-bbcf-c03fd5a31d89.jpg</path>
	<source>
		<database>Unknown</database>
	</source>
	<size>
		<width>640</width>
		<height>480</height>
		<depth>3</depth>
	</size>
	<segmented>0</segmented>
	<object>
		<name>Hai</name>
		<pose>Unspecified</pose>
		<truncated>0</truncated>
		<difficult>0</difficult>
		<bndbox>
			<xmin>141</xmin>
			<ymin>46</ymin>
			<xmax>388</xmax>
			<ymax>290</ymax>
		</bndbox>
	</object>
</annotation>
