<annotation>
	<folder>collectedimages</folder>
	<filename>hai.674c8597-366d-11ed-b7eb-c03fd5a31d89.jpg</filename>
	<path>E:\RealTimeObjectDetection\Tensorflow\workspace\images\collectedimages\hai.674c8597-366d-11ed-b7eb-c03fd5a31d89.jpg</path>
	<source>
		<database>Unknown</database>
	</source>
	<size>
		<width>640</width>
		<height>480</height>
		<depth>3</depth>
	</size>
	<segmented>0</segmented>
	<object>
		<name>Hai</name>
		<pose>Unspecified</pose>
		<truncated>0</truncated>
		<difficult>0</difficult>
		<bndbox>
			<xmin>45</xmin>
			<ymin>58</ymin>
			<xmax>324</xmax>
			<ymax>378</ymax>
		</bndbox>
	</object>
</annotation>
