<annotation>
	<folder>collectedimages</folder>
	<filename>jalan.05bd571c-34e5-11ed-b4a5-c03fd5a31d89.jpg</filename>
	<path>E:\RealTimeObjectDetection\Tensorflow\workspace\images\collectedimages\jalan.05bd571c-34e5-11ed-b4a5-c03fd5a31d89.jpg</path>
	<source>
		<database>Unknown</database>
	</source>
	<size>
		<width>640</width>
		<height>480</height>
		<depth>3</depth>
	</size>
	<segmented>0</segmented>
	<object>
		<name>Jalan</name>
		<pose>Unspecified</pose>
		<truncated>0</truncated>
		<difficult>0</difficult>
		<bndbox>
			<xmin>32</xmin>
			<ymin>35</ymin>
			<xmax>308</xmax>
			<ymax>359</ymax>
		</bndbox>
	</object>
</annotation>
