<annotation>
	<folder>collectedimages</folder>
	<filename>jalan.27ebc43d-34e5-11ed-8b4b-c03fd5a31d89.jpg</filename>
	<path>E:\RealTimeObjectDetection\Tensorflow\workspace\images\collectedimages\jalan.27ebc43d-34e5-11ed-8b4b-c03fd5a31d89.jpg</path>
	<source>
		<database>Unknown</database>
	</source>
	<size>
		<width>640</width>
		<height>480</height>
		<depth>3</depth>
	</size>
	<segmented>0</segmented>
	<object>
		<name>Jalan</name>
		<pose>Unspecified</pose>
		<truncated>0</truncated>
		<difficult>0</difficult>
		<bndbox>
			<xmin>258</xmin>
			<ymin>20</ymin>
			<xmax>443</xmax>
			<ymax>384</ymax>
		</bndbox>
	</object>
</annotation>
