<annotation>
	<folder>collectedimages</folder>
	<filename>jalan.1cef0cb0-34e5-11ed-8692-c03fd5a31d89.jpg</filename>
	<path>E:\RealTimeObjectDetection\Tensorflow\workspace\images\collectedimages\jalan.1cef0cb0-34e5-11ed-8692-c03fd5a31d89.jpg</path>
	<source>
		<database>Unknown</database>
	</source>
	<size>
		<width>640</width>
		<height>480</height>
		<depth>3</depth>
	</size>
	<segmented>0</segmented>
	<object>
		<name>Jalan</name>
		<pose>Unspecified</pose>
		<truncated>0</truncated>
		<difficult>0</difficult>
		<bndbox>
			<xmin>280</xmin>
			<ymin>63</ymin>
			<xmax>465</xmax>
			<ymax>348</ymax>
		</bndbox>
	</object>
</annotation>
