<annotation>
	<folder>collectedimages</folder>
	<filename>jalan.2a5d1230-34e5-11ed-b288-c03fd5a31d89.jpg</filename>
	<path>E:\RealTimeObjectDetection\Tensorflow\workspace\images\collectedimages\jalan.2a5d1230-34e5-11ed-b288-c03fd5a31d89.jpg</path>
	<source>
		<database>Unknown</database>
	</source>
	<size>
		<width>640</width>
		<height>480</height>
		<depth>3</depth>
	</size>
	<segmented>0</segmented>
	<object>
		<name>Jalan</name>
		<pose>Unspecified</pose>
		<truncated>1</truncated>
		<difficult>0</difficult>
		<bndbox>
			<xmin>225</xmin>
			<ymin>1</ymin>
			<xmax>413</xmax>
			<ymax>353</ymax>
		</bndbox>
	</object>
</annotation>
