<annotation>
	<folder>collectedimages</folder>
	<filename>kamu.edaa40ae-38cf-11ed-891d-c03fd5a31d89.jpg</filename>
	<path>E:\RealTimeObjectDetection\Tensorflow\workspace\images\collectedimages\kamu.edaa40ae-38cf-11ed-891d-c03fd5a31d89.jpg</path>
	<source>
		<database>Unknown</database>
	</source>
	<size>
		<width>640</width>
		<height>480</height>
		<depth>3</depth>
	</size>
	<segmented>0</segmented>
	<object>
		<name>Kamu</name>
		<pose>Unspecified</pose>
		<truncated>0</truncated>
		<difficult>0</difficult>
		<bndbox>
			<xmin>73</xmin>
			<ymin>125</ymin>
			<xmax>291</xmax>
			<ymax>432</ymax>
		</bndbox>
	</object>
</annotation>
