<annotation>
	<folder>collectedimages</folder>
	<filename>kamu.f89de875-38cf-11ed-a6c0-c03fd5a31d89.jpg</filename>
	<path>E:\RealTimeObjectDetection\Tensorflow\workspace\images\collectedimages\kamu.f89de875-38cf-11ed-a6c0-c03fd5a31d89.jpg</path>
	<source>
		<database>Unknown</database>
	</source>
	<size>
		<width>640</width>
		<height>480</height>
		<depth>3</depth>
	</size>
	<segmented>0</segmented>
	<object>
		<name>Kamu</name>
		<pose>Unspecified</pose>
		<truncated>0</truncated>
		<difficult>0</difficult>
		<bndbox>
			<xmin>275</xmin>
			<ymin>94</ymin>
			<xmax>500</xmax>
			<ymax>447</ymax>
		</bndbox>
	</object>
</annotation>
