<annotation>
	<folder>collectedimages</folder>
	<filename>kamu.f3c250c9-38cf-11ed-bd3b-c03fd5a31d89.jpg</filename>
	<path>E:\RealTimeObjectDetection\Tensorflow\workspace\images\collectedimages\kamu.f3c250c9-38cf-11ed-bd3b-c03fd5a31d89.jpg</path>
	<source>
		<database>Unknown</database>
	</source>
	<size>
		<width>640</width>
		<height>480</height>
		<depth>3</depth>
	</size>
	<segmented>0</segmented>
	<object>
		<name>Kamu</name>
		<pose>Unspecified</pose>
		<truncated>0</truncated>
		<difficult>0</difficult>
		<bndbox>
			<xmin>254</xmin>
			<ymin>110</ymin>
			<xmax>460</xmax>
			<ymax>435</ymax>
		</bndbox>
	</object>
</annotation>
