<annotation>
	<folder>collectedimages</folder>
	<filename>kamu.f1531430-38cf-11ed-9742-c03fd5a31d89.jpg</filename>
	<path>E:\RealTimeObjectDetection\Tensorflow\workspace\images\collectedimages\kamu.f1531430-38cf-11ed-9742-c03fd5a31d89.jpg</path>
	<source>
		<database>Unknown</database>
	</source>
	<size>
		<width>640</width>
		<height>480</height>
		<depth>3</depth>
	</size>
	<segmented>0</segmented>
	<object>
		<name>Kamu</name>
		<pose>Unspecified</pose>
		<truncated>0</truncated>
		<difficult>0</difficult>
		<bndbox>
			<xmin>84</xmin>
			<ymin>129</ymin>
			<xmax>315</xmax>
			<ymax>471</ymax>
		</bndbox>
	</object>
</annotation>
