<annotation>
	<folder>collectedimages</folder>
	<filename>kamu.95630515-34e3-11ed-bacb-c03fd5a31d89.jpg</filename>
	<path>E:\RealTimeObjectDetection\Tensorflow\workspace\images\collectedimages\kamu.95630515-34e3-11ed-bacb-c03fd5a31d89.jpg</path>
	<source>
		<database>Unknown</database>
	</source>
	<size>
		<width>640</width>
		<height>480</height>
		<depth>3</depth>
	</size>
	<segmented>0</segmented>
	<object>
		<name>Kamu</name>
		<pose>Unspecified</pose>
		<truncated>0</truncated>
		<difficult>0</difficult>
		<bndbox>
			<xmin>141</xmin>
			<ymin>279</ymin>
			<xmax>295</xmax>
			<ymax>478</ymax>
		</bndbox>
	</object>
</annotation>
