<annotation>
	<folder>collectedimages</folder>
	<filename>kamu.a406294f-34e3-11ed-87a3-c03fd5a31d89.jpg</filename>
	<path>E:\RealTimeObjectDetection\Tensorflow\workspace\images\collectedimages\kamu.a406294f-34e3-11ed-87a3-c03fd5a31d89.jpg</path>
	<source>
		<database>Unknown</database>
	</source>
	<size>
		<width>640</width>
		<height>480</height>
		<depth>3</depth>
	</size>
	<segmented>0</segmented>
	<object>
		<name>Kamu</name>
		<pose>Unspecified</pose>
		<truncated>1</truncated>
		<difficult>0</difficult>
		<bndbox>
			<xmin>151</xmin>
			<ymin>215</ymin>
			<xmax>328</xmax>
			<ymax>480</ymax>
		</bndbox>
	</object>
</annotation>
