<annotation>
	<folder>collectedimages</folder>
	<filename>kasih.9bc28e7a-34e5-11ed-a5a8-c03fd5a31d89.jpg</filename>
	<path>E:\RealTimeObjectDetection\Tensorflow\workspace\images\collectedimages\kasih.9bc28e7a-34e5-11ed-a5a8-c03fd5a31d89.jpg</path>
	<source>
		<database>Unknown</database>
	</source>
	<size>
		<width>640</width>
		<height>480</height>
		<depth>3</depth>
	</size>
	<segmented>0</segmented>
	<object>
		<name>Kasih</name>
		<pose>Unspecified</pose>
		<truncated>0</truncated>
		<difficult>0</difficult>
		<bndbox>
			<xmin>98</xmin>
			<ymin>155</ymin>
			<xmax>458</xmax>
			<ymax>453</ymax>
		</bndbox>
	</object>
</annotation>
