<annotation>
	<folder>collectedimages</folder>
	<filename>kasih.8e5c7d39-34e5-11ed-a760-c03fd5a31d89.jpg</filename>
	<path>E:\RealTimeObjectDetection\Tensorflow\workspace\images\collectedimages\kasih.8e5c7d39-34e5-11ed-a760-c03fd5a31d89.jpg</path>
	<source>
		<database>Unknown</database>
	</source>
	<size>
		<width>640</width>
		<height>480</height>
		<depth>3</depth>
	</size>
	<segmented>0</segmented>
	<object>
		<name>Kasih</name>
		<pose>Unspecified</pose>
		<truncated>0</truncated>
		<difficult>0</difficult>
		<bndbox>
			<xmin>69</xmin>
			<ymin>146</ymin>
			<xmax>411</xmax>
			<ymax>412</ymax>
		</bndbox>
	</object>
</annotation>
