<annotation>
	<folder>collectedimages</folder>
	<filename>kasih.9204c822-34e5-11ed-a8f5-c03fd5a31d89.jpg</filename>
	<path>E:\RealTimeObjectDetection\Tensorflow\workspace\images\collectedimages\kasih.9204c822-34e5-11ed-a8f5-c03fd5a31d89.jpg</path>
	<source>
		<database>Unknown</database>
	</source>
	<size>
		<width>640</width>
		<height>480</height>
		<depth>3</depth>
	</size>
	<segmented>0</segmented>
	<object>
		<name>Kasih</name>
		<pose>Unspecified</pose>
		<truncated>0</truncated>
		<difficult>0</difficult>
		<bndbox>
			<xmin>16</xmin>
			<ymin>122</ymin>
			<xmax>382</xmax>
			<ymax>403</ymax>
		</bndbox>
	</object>
</annotation>
