<annotation>
	<folder>collectedimages</folder>
	<filename>kemarin.87169ba7-34e6-11ed-b894-c03fd5a31d89.jpg</filename>
	<path>E:\RealTimeObjectDetection\Tensorflow\workspace\images\collectedimages\kemarin.87169ba7-34e6-11ed-b894-c03fd5a31d89.jpg</path>
	<source>
		<database>Unknown</database>
	</source>
	<size>
		<width>640</width>
		<height>480</height>
		<depth>3</depth>
	</size>
	<segmented>0</segmented>
	<object>
		<name>Kemarin</name>
		<pose>Unspecified</pose>
		<truncated>0</truncated>
		<difficult>0</difficult>
		<bndbox>
			<xmin>267</xmin>
			<ymin>63</ymin>
			<xmax>474</xmax>
			<ymax>331</ymax>
		</bndbox>
	</object>
</annotation>
