<annotation>
	<folder>collectedimages</folder>
	<filename>kemarin.a1eef446-34e6-11ed-94be-c03fd5a31d89.jpg</filename>
	<path>E:\RealTimeObjectDetection\Tensorflow\workspace\images\collectedimages\kemarin.a1eef446-34e6-11ed-94be-c03fd5a31d89.jpg</path>
	<source>
		<database>Unknown</database>
	</source>
	<size>
		<width>640</width>
		<height>480</height>
		<depth>3</depth>
	</size>
	<segmented>0</segmented>
	<object>
		<name>Kemarin</name>
		<pose>Unspecified</pose>
		<truncated>0</truncated>
		<difficult>0</difficult>
		<bndbox>
			<xmin>232</xmin>
			<ymin>95</ymin>
			<xmax>484</xmax>
			<ymax>296</ymax>
		</bndbox>
	</object>
</annotation>
