<annotation>
	<folder>collectedimages</folder>
	<filename>kemarin.90dd6e79-34e6-11ed-9084-c03fd5a31d89.jpg</filename>
	<path>E:\RealTimeObjectDetection\Tensorflow\workspace\images\collectedimages\kemarin.90dd6e79-34e6-11ed-9084-c03fd5a31d89.jpg</path>
	<source>
		<database>Unknown</database>
	</source>
	<size>
		<width>640</width>
		<height>480</height>
		<depth>3</depth>
	</size>
	<segmented>0</segmented>
	<object>
		<name>Kemarin</name>
		<pose>Unspecified</pose>
		<truncated>0</truncated>
		<difficult>0</difficult>
		<bndbox>
			<xmin>89</xmin>
			<ymin>118</ymin>
			<xmax>388</xmax>
			<ymax>303</ymax>
		</bndbox>
	</object>
</annotation>
