<annotation>
	<folder>collectedimages</folder>
	<filename>kemarin.7e889230-34e6-11ed-bb59-c03fd5a31d89.jpg</filename>
	<path>E:\RealTimeObjectDetection\Tensorflow\workspace\images\collectedimages\kemarin.7e889230-34e6-11ed-bb59-c03fd5a31d89.jpg</path>
	<source>
		<database>Unknown</database>
	</source>
	<size>
		<width>640</width>
		<height>480</height>
		<depth>3</depth>
	</size>
	<segmented>0</segmented>
	<object>
		<name>Kemarin</name>
		<pose>Unspecified</pose>
		<truncated>0</truncated>
		<difficult>0</difficult>
		<bndbox>
			<xmin>291</xmin>
			<ymin>26</ymin>
			<xmax>508</xmax>
			<ymax>311</ymax>
		</bndbox>
	</object>
</annotation>
