<annotation>
	<folder>collectedimages</folder>
	<filename>kemarin.836b8486-34e6-11ed-8c3a-c03fd5a31d89.jpg</filename>
	<path>E:\RealTimeObjectDetection\Tensorflow\workspace\images\collectedimages\kemarin.836b8486-34e6-11ed-8c3a-c03fd5a31d89.jpg</path>
	<source>
		<database>Unknown</database>
	</source>
	<size>
		<width>640</width>
		<height>480</height>
		<depth>3</depth>
	</size>
	<segmented>0</segmented>
	<object>
		<name>Kemarin</name>
		<pose>Unspecified</pose>
		<truncated>1</truncated>
		<difficult>0</difficult>
		<bndbox>
			<xmin>194</xmin>
			<ymin>1</ymin>
			<xmax>408</xmax>
			<ymax>269</ymax>
		</bndbox>
	</object>
</annotation>
