<annotation>
	<folder>collectedimages</folder>
	<filename>kerja.0247c8c8-34e7-11ed-8033-c03fd5a31d89.jpg</filename>
	<path>E:\RealTimeObjectDetection\Tensorflow\workspace\images\collectedimages\kerja.0247c8c8-34e7-11ed-8033-c03fd5a31d89.jpg</path>
	<source>
		<database>Unknown</database>
	</source>
	<size>
		<width>640</width>
		<height>480</height>
		<depth>3</depth>
	</size>
	<segmented>0</segmented>
	<object>
		<name>Kerja</name>
		<pose>Unspecified</pose>
		<truncated>0</truncated>
		<difficult>0</difficult>
		<bndbox>
			<xmin>6</xmin>
			<ymin>209</ymin>
			<xmax>425</xmax>
			<ymax>411</ymax>
		</bndbox>
	</object>
</annotation>
