<annotation>
	<folder>collectedimages</folder>
	<filename>kerja.31cef3d6-34e7-11ed-8772-c03fd5a31d89.jpg</filename>
	<path>E:\RealTimeObjectDetection\Tensorflow\workspace\images\collectedimages\kerja.31cef3d6-34e7-11ed-8772-c03fd5a31d89.jpg</path>
	<source>
		<database>Unknown</database>
	</source>
	<size>
		<width>640</width>
		<height>480</height>
		<depth>3</depth>
	</size>
	<segmented>0</segmented>
	<object>
		<name>Kerja</name>
		<pose>Unspecified</pose>
		<truncated>0</truncated>
		<difficult>0</difficult>
		<bndbox>
			<xmin>69</xmin>
			<ymin>241</ymin>
			<xmax>454</xmax>
			<ymax>407</ymax>
		</bndbox>
	</object>
</annotation>
