<annotation>
	<folder>collectedimages</folder>
	<filename>kerja.0fb042c1-34e7-11ed-8db1-c03fd5a31d89.jpg</filename>
	<path>E:\RealTimeObjectDetection\Tensorflow\workspace\images\collectedimages\kerja.0fb042c1-34e7-11ed-8db1-c03fd5a31d89.jpg</path>
	<source>
		<database>Unknown</database>
	</source>
	<size>
		<width>640</width>
		<height>480</height>
		<depth>3</depth>
	</size>
	<segmented>0</segmented>
	<object>
		<name>Kerja</name>
		<pose>Unspecified</pose>
		<truncated>0</truncated>
		<difficult>0</difficult>
		<bndbox>
			<xmin>66</xmin>
			<ymin>197</ymin>
			<xmax>462</xmax>
			<ymax>425</ymax>
		</bndbox>
	</object>
</annotation>
