<annotation>
	<folder>collectedimages</folder>
	<filename>kerja.0c06dc3f-34e7-11ed-96a9-c03fd5a31d89.jpg</filename>
	<path>E:\RealTimeObjectDetection\Tensorflow\workspace\images\collectedimages\kerja.0c06dc3f-34e7-11ed-96a9-c03fd5a31d89.jpg</path>
	<source>
		<database>Unknown</database>
	</source>
	<size>
		<width>640</width>
		<height>480</height>
		<depth>3</depth>
	</size>
	<segmented>0</segmented>
	<object>
		<name>Kerja</name>
		<pose>Unspecified</pose>
		<truncated>0</truncated>
		<difficult>0</difficult>
		<bndbox>
			<xmin>81</xmin>
			<ymin>248</ymin>
			<xmax>438</xmax>
			<ymax>430</ymax>
		</bndbox>
	</object>
</annotation>
