<annotation>
	<folder>collectedimages</folder>
	<filename>kesal.553fa239-34e7-11ed-9c00-c03fd5a31d89.jpg</filename>
	<path>E:\RealTimeObjectDetection\Tensorflow\workspace\images\collectedimages\kesal.553fa239-34e7-11ed-9c00-c03fd5a31d89.jpg</path>
	<source>
		<database>Unknown</database>
	</source>
	<size>
		<width>640</width>
		<height>480</height>
		<depth>3</depth>
	</size>
	<segmented>0</segmented>
	<object>
		<name>Kesal</name>
		<pose>Unspecified</pose>
		<truncated>1</truncated>
		<difficult>0</difficult>
		<bndbox>
			<xmin>1</xmin>
			<ymin>267</ymin>
			<xmax>253</xmax>
			<ymax>424</ymax>
		</bndbox>
	</object>
</annotation>
