<annotation>
	<folder>collectedimages</folder>
	<filename>kesal.5b5955d6-34e7-11ed-93fb-c03fd5a31d89.jpg</filename>
	<path>E:\RealTimeObjectDetection\Tensorflow\workspace\images\collectedimages\kesal.5b5955d6-34e7-11ed-93fb-c03fd5a31d89.jpg</path>
	<source>
		<database>Unknown</database>
	</source>
	<size>
		<width>640</width>
		<height>480</height>
		<depth>3</depth>
	</size>
	<segmented>0</segmented>
	<object>
		<name>Kesal</name>
		<pose>Unspecified</pose>
		<truncated>0</truncated>
		<difficult>0</difficult>
		<bndbox>
			<xmin>129</xmin>
			<ymin>204</ymin>
			<xmax>378</xmax>
			<ymax>410</ymax>
		</bndbox>
	</object>
</annotation>
