<annotation>
	<folder>collectedimages</folder>
	<filename>kesal.4df0b75a-34e7-11ed-b444-c03fd5a31d89.jpg</filename>
	<path>E:\RealTimeObjectDetection\Tensorflow\workspace\images\collectedimages\kesal.4df0b75a-34e7-11ed-b444-c03fd5a31d89.jpg</path>
	<source>
		<database>Unknown</database>
	</source>
	<size>
		<width>640</width>
		<height>480</height>
		<depth>3</depth>
	</size>
	<segmented>0</segmented>
	<object>
		<name>Kesal</name>
		<pose>Unspecified</pose>
		<truncated>0</truncated>
		<difficult>0</difficult>
		<bndbox>
			<xmin>88</xmin>
			<ymin>207</ymin>
			<xmax>270</xmax>
			<ymax>376</ymax>
		</bndbox>
	</object>
</annotation>
