<annotation>
	<folder>collectedimages</folder>
	<filename>kesal.5a20c36e-34e7-11ed-9b84-c03fd5a31d89.jpg</filename>
	<path>E:\RealTimeObjectDetection\Tensorflow\workspace\images\collectedimages\kesal.5a20c36e-34e7-11ed-9b84-c03fd5a31d89.jpg</path>
	<source>
		<database>Unknown</database>
	</source>
	<size>
		<width>640</width>
		<height>480</height>
		<depth>3</depth>
	</size>
	<segmented>0</segmented>
	<object>
		<name>Kesal</name>
		<pose>Unspecified</pose>
		<truncated>0</truncated>
		<difficult>0</difficult>
		<bndbox>
			<xmin>150</xmin>
			<ymin>279</ymin>
			<xmax>400</xmax>
			<ymax>445</ymax>
		</bndbox>
	</object>
</annotation>
