<annotation>
	<folder>collectedimages</folder>
	<filename>kesal.62ae794e-34e7-11ed-8625-c03fd5a31d89.jpg</filename>
	<path>E:\RealTimeObjectDetection\Tensorflow\workspace\images\collectedimages\kesal.62ae794e-34e7-11ed-8625-c03fd5a31d89.jpg</path>
	<source>
		<database>Unknown</database>
	</source>
	<size>
		<width>640</width>
		<height>480</height>
		<depth>3</depth>
	</size>
	<segmented>0</segmented>
	<object>
		<name>Kesal</name>
		<pose>Unspecified</pose>
		<truncated>0</truncated>
		<difficult>0</difficult>
		<bndbox>
			<xmin>124</xmin>
			<ymin>177</ymin>
			<xmax>386</xmax>
			<ymax>367</ymax>
		</bndbox>
	</object>
</annotation>
