<annotation>
	<folder>collectedimages</folder>
	<filename>lagi.5c621191-34e6-11ed-adbf-c03fd5a31d89.jpg</filename>
	<path>E:\RealTimeObjectDetection\Tensorflow\workspace\images\collectedimages\lagi.5c621191-34e6-11ed-adbf-c03fd5a31d89.jpg</path>
	<source>
		<database>Unknown</database>
	</source>
	<size>
		<width>640</width>
		<height>480</height>
		<depth>3</depth>
	</size>
	<segmented>0</segmented>
	<object>
		<name>Lagi</name>
		<pose>Unspecified</pose>
		<truncated>0</truncated>
		<difficult>0</difficult>
		<bndbox>
			<xmin>16</xmin>
			<ymin>121</ymin>
			<xmax>334</xmax>
			<ymax>406</ymax>
		</bndbox>
	</object>
</annotation>
