<annotation>
	<folder>collectedimages</folder>
	<filename>lagi.59ef93b5-34e6-11ed-9a4b-c03fd5a31d89.jpg</filename>
	<path>E:\RealTimeObjectDetection\Tensorflow\workspace\images\collectedimages\lagi.59ef93b5-34e6-11ed-9a4b-c03fd5a31d89.jpg</path>
	<source>
		<database>Unknown</database>
	</source>
	<size>
		<width>640</width>
		<height>480</height>
		<depth>3</depth>
	</size>
	<segmented>0</segmented>
	<object>
		<name>Lagi</name>
		<pose>Unspecified</pose>
		<truncated>0</truncated>
		<difficult>0</difficult>
		<bndbox>
			<xmin>20</xmin>
			<ymin>129</ymin>
			<xmax>340</xmax>
			<ymax>406</ymax>
		</bndbox>
	</object>
</annotation>
