<annotation>
	<folder>collectedimages</folder>
	<filename>lagi.6c3f194f-34e6-11ed-8f4d-c03fd5a31d89.jpg</filename>
	<path>E:\RealTimeObjectDetection\Tensorflow\workspace\images\collectedimages\lagi.6c3f194f-34e6-11ed-8f4d-c03fd5a31d89.jpg</path>
	<source>
		<database>Unknown</database>
	</source>
	<size>
		<width>640</width>
		<height>480</height>
		<depth>3</depth>
	</size>
	<segmented>0</segmented>
	<object>
		<name>Lagi</name>
		<pose>Unspecified</pose>
		<truncated>0</truncated>
		<difficult>0</difficult>
		<bndbox>
			<xmin>25</xmin>
			<ymin>63</ymin>
			<xmax>304</xmax>
			<ymax>348</ymax>
		</bndbox>
	</object>
</annotation>
