<annotation>
	<folder>collectedimages</folder>
	<filename>lagi.48d86e6f-34e6-11ed-af70-c03fd5a31d89.jpg</filename>
	<path>E:\RealTimeObjectDetection\Tensorflow\workspace\images\collectedimages\lagi.48d86e6f-34e6-11ed-af70-c03fd5a31d89.jpg</path>
	<source>
		<database>Unknown</database>
	</source>
	<size>
		<width>640</width>
		<height>480</height>
		<depth>3</depth>
	</size>
	<segmented>0</segmented>
	<object>
		<name>Lagi</name>
		<pose>Unspecified</pose>
		<truncated>0</truncated>
		<difficult>0</difficult>
		<bndbox>
			<xmin>69</xmin>
			<ymin>59</ymin>
			<xmax>373</xmax>
			<ymax>338</ymax>
		</bndbox>
	</object>
</annotation>
