<annotation>
	<folder>collectedimages</folder>
	<filename>maaf.a97aff68-34e7-11ed-a350-c03fd5a31d89.jpg</filename>
	<path>E:\RealTimeObjectDetection\Tensorflow\workspace\images\collectedimages\maaf.a97aff68-34e7-11ed-a350-c03fd5a31d89.jpg</path>
	<source>
		<database>Unknown</database>
	</source>
	<size>
		<width>640</width>
		<height>480</height>
		<depth>3</depth>
	</size>
	<segmented>0</segmented>
	<object>
		<name>Maaf</name>
		<pose>Unspecified</pose>
		<truncated>0</truncated>
		<difficult>0</difficult>
		<bndbox>
			<xmin>211</xmin>
			<ymin>22</ymin>
			<xmax>423</xmax>
			<ymax>321</ymax>
		</bndbox>
	</object>
</annotation>
