<annotation>
	<folder>collectedimages</folder>
	<filename>maaf.aab3eac0-34e7-11ed-94e6-c03fd5a31d89.jpg</filename>
	<path>E:\RealTimeObjectDetection\Tensorflow\workspace\images\collectedimages\maaf.aab3eac0-34e7-11ed-94e6-c03fd5a31d89.jpg</path>
	<source>
		<database>Unknown</database>
	</source>
	<size>
		<width>640</width>
		<height>480</height>
		<depth>3</depth>
	</size>
	<segmented>0</segmented>
	<object>
		<name>Maaf</name>
		<pose>Unspecified</pose>
		<truncated>0</truncated>
		<difficult>0</difficult>
		<bndbox>
			<xmin>205</xmin>
			<ymin>26</ymin>
			<xmax>412</xmax>
			<ymax>281</ymax>
		</bndbox>
	</object>
</annotation>
