<annotation>
	<folder>collectedimages</folder>
	<filename>maaf.92410976-34e7-11ed-b184-c03fd5a31d89.jpg</filename>
	<path>E:\RealTimeObjectDetection\Tensorflow\workspace\images\collectedimages\maaf.92410976-34e7-11ed-b184-c03fd5a31d89.jpg</path>
	<source>
		<database>Unknown</database>
	</source>
	<size>
		<width>640</width>
		<height>480</height>
		<depth>3</depth>
	</size>
	<segmented>0</segmented>
	<object>
		<name>Maaf</name>
		<pose>Unspecified</pose>
		<truncated>0</truncated>
		<difficult>0</difficult>
		<bndbox>
			<xmin>89</xmin>
			<ymin>137</ymin>
			<xmax>329</xmax>
			<ymax>435</ymax>
		</bndbox>
	</object>
</annotation>
