<annotation>
	<folder>collectedimages</folder>
	<filename>maaf.9d45acb6-34e7-11ed-9639-c03fd5a31d89.jpg</filename>
	<path>E:\RealTimeObjectDetection\Tensorflow\workspace\images\collectedimages\maaf.9d45acb6-34e7-11ed-9639-c03fd5a31d89.jpg</path>
	<source>
		<database>Unknown</database>
	</source>
	<size>
		<width>640</width>
		<height>480</height>
		<depth>3</depth>
	</size>
	<segmented>0</segmented>
	<object>
		<name>Maaf</name>
		<pose>Unspecified</pose>
		<truncated>0</truncated>
		<difficult>0</difficult>
		<bndbox>
			<xmin>199</xmin>
			<ymin>65</ymin>
			<xmax>434</xmax>
			<ymax>375</ymax>
		</bndbox>
	</object>
</annotation>
