<annotation>
	<folder>collectedimages</folder>
	<filename>maaf.999b51b3-34e7-11ed-ad97-c03fd5a31d89.jpg</filename>
	<path>E:\RealTimeObjectDetection\Tensorflow\workspace\images\collectedimages\maaf.999b51b3-34e7-11ed-ad97-c03fd5a31d89.jpg</path>
	<source>
		<database>Unknown</database>
	</source>
	<size>
		<width>640</width>
		<height>480</height>
		<depth>3</depth>
	</size>
	<segmented>0</segmented>
	<object>
		<name>Maaf</name>
		<pose>Unspecified</pose>
		<truncated>0</truncated>
		<difficult>0</difficult>
		<bndbox>
			<xmin>149</xmin>
			<ymin>93</ymin>
			<xmax>371</xmax>
			<ymax>412</ymax>
		</bndbox>
	</object>
</annotation>
