<annotation>
	<folder>collectedimages</folder>
	<filename>makan.8bce6d3d-34e4-11ed-9b38-c03fd5a31d89.jpg</filename>
	<path>E:\RealTimeObjectDetection\Tensorflow\workspace\images\collectedimages\makan.8bce6d3d-34e4-11ed-9b38-c03fd5a31d89.jpg</path>
	<source>
		<database>Unknown</database>
	</source>
	<size>
		<width>640</width>
		<height>480</height>
		<depth>3</depth>
	</size>
	<segmented>0</segmented>
	<object>
		<name>Makan</name>
		<pose>Unspecified</pose>
		<truncated>0</truncated>
		<difficult>0</difficult>
		<bndbox>
			<xmin>158</xmin>
			<ymin>89</ymin>
			<xmax>407</xmax>
			<ymax>267</ymax>
		</bndbox>
	</object>
</annotation>
