<annotation>
	<folder>collectedimages</folder>
	<filename>makan.9458a589-34e4-11ed-83d2-c03fd5a31d89.jpg</filename>
	<path>E:\RealTimeObjectDetection\Tensorflow\workspace\images\collectedimages\makan.9458a589-34e4-11ed-83d2-c03fd5a31d89.jpg</path>
	<source>
		<database>Unknown</database>
	</source>
	<size>
		<width>640</width>
		<height>480</height>
		<depth>3</depth>
	</size>
	<segmented>0</segmented>
	<object>
		<name>Makan</name>
		<pose>Unspecified</pose>
		<truncated>0</truncated>
		<difficult>0</difficult>
		<bndbox>
			<xmin>118</xmin>
			<ymin>127</ymin>
			<xmax>395</xmax>
			<ymax>327</ymax>
		</bndbox>
	</object>
</annotation>
