<annotation>
	<folder>collectedimages</folder>
	<filename>makan.9f522209-34e4-11ed-9494-c03fd5a31d89.jpg</filename>
	<path>E:\RealTimeObjectDetection\Tensorflow\workspace\images\collectedimages\makan.9f522209-34e4-11ed-9494-c03fd5a31d89.jpg</path>
	<source>
		<database>Unknown</database>
	</source>
	<size>
		<width>640</width>
		<height>480</height>
		<depth>3</depth>
	</size>
	<segmented>0</segmented>
	<object>
		<name>Makan</name>
		<pose>Unspecified</pose>
		<truncated>0</truncated>
		<difficult>0</difficult>
		<bndbox>
			<xmin>140</xmin>
			<ymin>140</ymin>
			<xmax>388</xmax>
			<ymax>337</ymax>
		</bndbox>
	</object>
</annotation>
