<annotation>
	<folder>collectedimages</folder>
	<filename>makan.82135496-34e4-11ed-97d6-c03fd5a31d89.jpg</filename>
	<path>E:\RealTimeObjectDetection\Tensorflow\workspace\images\collectedimages\makan.82135496-34e4-11ed-97d6-c03fd5a31d89.jpg</path>
	<source>
		<database>Unknown</database>
	</source>
	<size>
		<width>640</width>
		<height>480</height>
		<depth>3</depth>
	</size>
	<segmented>0</segmented>
	<object>
		<name>Makan</name>
		<pose>Unspecified</pose>
		<truncated>0</truncated>
		<difficult>0</difficult>
		<bndbox>
			<xmin>28</xmin>
			<ymin>80</ymin>
			<xmax>262</xmax>
			<ymax>255</ymax>
		</bndbox>
	</object>
</annotation>
