<annotation>
	<folder>collectedimages</folder>
	<filename>malam.e5aa56ee-34e2-11ed-94d8-c03fd5a31d89.jpg</filename>
	<path>E:\RealTimeObjectDetection\Tensorflow\workspace\images\collectedimages\malam.e5aa56ee-34e2-11ed-94d8-c03fd5a31d89.jpg</path>
	<source>
		<database>Unknown</database>
	</source>
	<size>
		<width>640</width>
		<height>480</height>
		<depth>3</depth>
	</size>
	<segmented>0</segmented>
	<object>
		<name>Malam</name>
		<pose>Unspecified</pose>
		<truncated>0</truncated>
		<difficult>0</difficult>
		<bndbox>
			<xmin>292</xmin>
			<ymin>189</ymin>
			<xmax>508</xmax>
			<ymax>392</ymax>
		</bndbox>
	</object>
</annotation>
