<annotation>
	<folder>collectedimages</folder>
	<filename>malas.da407c56-34e7-11ed-aed6-c03fd5a31d89.jpg</filename>
	<path>E:\RealTimeObjectDetection\Tensorflow\workspace\images\collectedimages\malas.da407c56-34e7-11ed-aed6-c03fd5a31d89.jpg</path>
	<source>
		<database>Unknown</database>
	</source>
	<size>
		<width>640</width>
		<height>480</height>
		<depth>3</depth>
	</size>
	<segmented>0</segmented>
	<object>
		<name>Malas</name>
		<pose>Unspecified</pose>
		<truncated>0</truncated>
		<difficult>0</difficult>
		<bndbox>
			<xmin>156</xmin>
			<ymin>239</ymin>
			<xmax>398</xmax>
			<ymax>392</ymax>
		</bndbox>
	</object>
</annotation>
