<annotation>
	<folder>collectedimages</folder>
	<filename>malas.dde98418-34e7-11ed-9b7d-c03fd5a31d89.jpg</filename>
	<path>E:\RealTimeObjectDetection\Tensorflow\workspace\images\collectedimages\malas.dde98418-34e7-11ed-9b7d-c03fd5a31d89.jpg</path>
	<source>
		<database>Unknown</database>
	</source>
	<size>
		<width>640</width>
		<height>480</height>
		<depth>3</depth>
	</size>
	<segmented>0</segmented>
	<object>
		<name>Malas</name>
		<pose>Unspecified</pose>
		<truncated>0</truncated>
		<difficult>0</difficult>
		<bndbox>
			<xmin>176</xmin>
			<ymin>232</ymin>
			<xmax>410</xmax>
			<ymax>377</ymax>
		</bndbox>
	</object>
</annotation>
