<annotation>
	<folder>collectedimages</folder>
	<filename>malas.d2f2b3bf-34e7-11ed-a928-c03fd5a31d89.jpg</filename>
	<path>E:\RealTimeObjectDetection\Tensorflow\workspace\images\collectedimages\malas.d2f2b3bf-34e7-11ed-a928-c03fd5a31d89.jpg</path>
	<source>
		<database>Unknown</database>
	</source>
	<size>
		<width>640</width>
		<height>480</height>
		<depth>3</depth>
	</size>
	<segmented>0</segmented>
	<object>
		<name>Malas</name>
		<pose>Unspecified</pose>
		<truncated>0</truncated>
		<difficult>0</difficult>
		<bndbox>
			<xmin>187</xmin>
			<ymin>249</ymin>
			<xmax>421</xmax>
			<ymax>403</ymax>
		</bndbox>
	</object>
</annotation>
