<annotation>
	<folder>collectedimages</folder>
	<filename>malas.c7fc65df-34e7-11ed-80c4-c03fd5a31d89.jpg</filename>
	<path>E:\RealTimeObjectDetection\Tensorflow\workspace\images\collectedimages\malas.c7fc65df-34e7-11ed-80c4-c03fd5a31d89.jpg</path>
	<source>
		<database>Unknown</database>
	</source>
	<size>
		<width>640</width>
		<height>480</height>
		<depth>3</depth>
	</size>
	<segmented>0</segmented>
	<object>
		<name>Malas</name>
		<pose>Unspecified</pose>
		<truncated>0</truncated>
		<difficult>0</difficult>
		<bndbox>
			<xmin>148</xmin>
			<ymin>218</ymin>
			<xmax>385</xmax>
			<ymax>381</ymax>
		</bndbox>
	</object>
</annotation>
