<annotation>
	<folder>collectedimages</folder>
	<filename>malam.ce7e8b12-34e2-11ed-81bc-c03fd5a31d89.jpg</filename>
	<path>E:\RealTimeObjectDetection\Tensorflow\workspace\images\collectedimages\malam.ce7e8b12-34e2-11ed-81bc-c03fd5a31d89.jpg</path>
	<source>
		<database>Unknown</database>
	</source>
	<size>
		<width>640</width>
		<height>480</height>
		<depth>3</depth>
	</size>
	<segmented>0</segmented>
	<object>
		<name>Malam</name>
		<pose>Unspecified</pose>
		<truncated>0</truncated>
		<difficult>0</difficult>
		<bndbox>
			<xmin>275</xmin>
			<ymin>178</ymin>
			<xmax>496</xmax>
			<ymax>370</ymax>
		</bndbox>
	</object>
</annotation>
