<annotation>
	<folder>collectedimages</folder>
	<filename>malam.cfb6e895-34e2-11ed-8b09-c03fd5a31d89.jpg</filename>
	<path>E:\RealTimeObjectDetection\Tensorflow\workspace\images\collectedimages\malam.cfb6e895-34e2-11ed-8b09-c03fd5a31d89.jpg</path>
	<source>
		<database>Unknown</database>
	</source>
	<size>
		<width>640</width>
		<height>480</height>
		<depth>3</depth>
	</size>
	<segmented>0</segmented>
	<object>
		<name>Malam</name>
		<pose>Unspecified</pose>
		<truncated>0</truncated>
		<difficult>0</difficult>
		<bndbox>
			<xmin>337</xmin>
			<ymin>91</ymin>
			<xmax>526</xmax>
			<ymax>285</ymax>
		</bndbox>
	</object>
</annotation>
