<annotation>
	<folder>collectedimages</folder>
	<filename>malas.e4047f35-34e7-11ed-aeb3-c03fd5a31d89.jpg</filename>
	<path>E:\RealTimeObjectDetection\Tensorflow\workspace\images\collectedimages\malas.e4047f35-34e7-11ed-aeb3-c03fd5a31d89.jpg</path>
	<source>
		<database>Unknown</database>
	</source>
	<size>
		<width>640</width>
		<height>480</height>
		<depth>3</depth>
	</size>
	<segmented>0</segmented>
	<object>
		<name>Malas</name>
		<pose>Unspecified</pose>
		<truncated>0</truncated>
		<difficult>0</difficult>
		<bndbox>
			<xmin>97</xmin>
			<ymin>247</ymin>
			<xmax>317</xmax>
			<ymax>409</ymax>
		</bndbox>
	</object>
</annotation>
