<annotation>
	<folder>collectedimages</folder>
	<filename>malas.ca6dcc58-34e7-11ed-a894-c03fd5a31d89.jpg</filename>
	<path>E:\RealTimeObjectDetection\Tensorflow\workspace\images\collectedimages\malas.ca6dcc58-34e7-11ed-a894-c03fd5a31d89.jpg</path>
	<source>
		<database>Unknown</database>
	</source>
	<size>
		<width>640</width>
		<height>480</height>
		<depth>3</depth>
	</size>
	<segmented>0</segmented>
	<object>
		<name>Malas</name>
		<pose>Unspecified</pose>
		<truncated>0</truncated>
		<difficult>0</difficult>
		<bndbox>
			<xmin>142</xmin>
			<ymin>247</ymin>
			<xmax>394</xmax>
			<ymax>393</ymax>
		</bndbox>
	</object>
</annotation>
