<annotation>
	<folder>collectedimages</folder>
	<filename>malam.c863e1eb-34e2-11ed-896c-c03fd5a31d89.jpg</filename>
	<path>E:\RealTimeObjectDetection\Tensorflow\workspace\images\collectedimages\malam.c863e1eb-34e2-11ed-896c-c03fd5a31d89.jpg</path>
	<source>
		<database>Unknown</database>
	</source>
	<size>
		<width>640</width>
		<height>480</height>
		<depth>3</depth>
	</size>
	<segmented>0</segmented>
	<object>
		<name>Malam</name>
		<pose>Unspecified</pose>
		<truncated>0</truncated>
		<difficult>0</difficult>
		<bndbox>
			<xmin>308</xmin>
			<ymin>38</ymin>
			<xmax>529</xmax>
			<ymax>243</ymax>
		</bndbox>
	</object>
</annotation>
