<annotation>
	<folder>collectedimages</folder>
	<filename>malas.c93315aa-34e7-11ed-8150-c03fd5a31d89.jpg</filename>
	<path>E:\RealTimeObjectDetection\Tensorflow\workspace\images\collectedimages\malas.c93315aa-34e7-11ed-8150-c03fd5a31d89.jpg</path>
	<source>
		<database>Unknown</database>
	</source>
	<size>
		<width>640</width>
		<height>480</height>
		<depth>3</depth>
	</size>
	<segmented>0</segmented>
	<object>
		<name>Malas</name>
		<pose>Unspecified</pose>
		<truncated>0</truncated>
		<difficult>0</difficult>
		<bndbox>
			<xmin>123</xmin>
			<ymin>283</ymin>
			<xmax>402</xmax>
			<ymax>443</ymax>
		</bndbox>
	</object>
</annotation>
