<annotation>
	<folder>collectedimages</folder>
	<filename>malas.d1b9e6c1-34e7-11ed-aae9-c03fd5a31d89.jpg</filename>
	<path>E:\RealTimeObjectDetection\Tensorflow\workspace\images\collectedimages\malas.d1b9e6c1-34e7-11ed-aae9-c03fd5a31d89.jpg</path>
	<source>
		<database>Unknown</database>
	</source>
	<size>
		<width>640</width>
		<height>480</height>
		<depth>3</depth>
	</size>
	<segmented>0</segmented>
	<object>
		<name>Malas</name>
		<pose>Unspecified</pose>
		<truncated>0</truncated>
		<difficult>0</difficult>
		<bndbox>
			<xmin>198</xmin>
			<ymin>242</ymin>
			<xmax>446</xmax>
			<ymax>406</ymax>
		</bndbox>
	</object>
</annotation>
