<annotation>
	<folder>collectedimages</folder>
	<filename>malas.d563fa1d-34e7-11ed-bc71-c03fd5a31d89.jpg</filename>
	<path>E:\RealTimeObjectDetection\Tensorflow\workspace\images\collectedimages\malas.d563fa1d-34e7-11ed-bc71-c03fd5a31d89.jpg</path>
	<source>
		<database>Unknown</database>
	</source>
	<size>
		<width>640</width>
		<height>480</height>
		<depth>3</depth>
	</size>
	<segmented>0</segmented>
	<object>
		<name>Malas</name>
		<pose>Unspecified</pose>
		<truncated>0</truncated>
		<difficult>0</difficult>
		<bndbox>
			<xmin>152</xmin>
			<ymin>211</ymin>
			<xmax>399</xmax>
			<ymax>370</ymax>
		</bndbox>
	</object>
</annotation>
