<annotation>
	<folder>collectedimages</folder>
	<filename>malas.dcb0de15-34e7-11ed-b2c5-c03fd5a31d89.jpg</filename>
	<path>E:\RealTimeObjectDetection\Tensorflow\workspace\images\collectedimages\malas.dcb0de15-34e7-11ed-b2c5-c03fd5a31d89.jpg</path>
	<source>
		<database>Unknown</database>
	</source>
	<size>
		<width>640</width>
		<height>480</height>
		<depth>3</depth>
	</size>
	<segmented>0</segmented>
	<object>
		<name>Malas</name>
		<pose>Unspecified</pose>
		<truncated>0</truncated>
		<difficult>0</difficult>
		<bndbox>
			<xmin>179</xmin>
			<ymin>231</ymin>
			<xmax>414</xmax>
			<ymax>391</ymax>
		</bndbox>
	</object>
</annotation>
