<annotation>
	<folder>collectedimages</folder>
	<filename>malam.d493aa2b-34e2-11ed-9acb-c03fd5a31d89.jpg</filename>
	<path>E:\RealTimeObjectDetection\Tensorflow\workspace\images\collectedimages\malam.d493aa2b-34e2-11ed-9acb-c03fd5a31d89.jpg</path>
	<source>
		<database>Unknown</database>
	</source>
	<size>
		<width>640</width>
		<height>480</height>
		<depth>3</depth>
	</size>
	<segmented>0</segmented>
	<object>
		<name>Malam</name>
		<pose>Unspecified</pose>
		<truncated>0</truncated>
		<difficult>0</difficult>
		<bndbox>
			<xmin>267</xmin>
			<ymin>100</ymin>
			<xmax>484</xmax>
			<ymax>284</ymax>
		</bndbox>
	</object>
</annotation>
