<annotation>
	<folder>collectedimages</folder>
	<filename>malam.d708fef9-34e2-11ed-b59b-c03fd5a31d89.jpg</filename>
	<path>E:\RealTimeObjectDetection\Tensorflow\workspace\images\collectedimages\malam.d708fef9-34e2-11ed-b59b-c03fd5a31d89.jpg</path>
	<source>
		<database>Unknown</database>
	</source>
	<size>
		<width>640</width>
		<height>480</height>
		<depth>3</depth>
	</size>
	<segmented>0</segmented>
	<object>
		<name>Malam</name>
		<pose>Unspecified</pose>
		<truncated>0</truncated>
		<difficult>0</difficult>
		<bndbox>
			<xmin>243</xmin>
			<ymin>120</ymin>
			<xmax>481</xmax>
			<ymax>330</ymax>
		</bndbox>
	</object>
</annotation>
