<annotation>
	<folder>collectedimages</folder>
	<filename>marah.63428fa7-366f-11ed-b709-c03fd5a31d89.jpg</filename>
	<path>E:\RealTimeObjectDetection\Tensorflow\workspace\images\collectedimages\marah.63428fa7-366f-11ed-b709-c03fd5a31d89.jpg</path>
	<source>
		<database>Unknown</database>
	</source>
	<size>
		<width>640</width>
		<height>480</height>
		<depth>3</depth>
	</size>
	<segmented>0</segmented>
	<object>
		<name>Marah</name>
		<pose>Unspecified</pose>
		<truncated>0</truncated>
		<difficult>0</difficult>
		<bndbox>
			<xmin>38</xmin>
			<ymin>226</ymin>
			<xmax>438</xmax>
			<ymax>445</ymax>
		</bndbox>
	</object>
</annotation>
