<annotation>
	<folder>collectedimages</folder>
	<filename>marah.5e648dab-366f-11ed-9b4e-c03fd5a31d89.jpg</filename>
	<path>E:\RealTimeObjectDetection\Tensorflow\workspace\images\collectedimages\marah.5e648dab-366f-11ed-9b4e-c03fd5a31d89.jpg</path>
	<source>
		<database>Unknown</database>
	</source>
	<size>
		<width>640</width>
		<height>480</height>
		<depth>3</depth>
	</size>
	<segmented>0</segmented>
	<object>
		<name>Marah</name>
		<pose>Unspecified</pose>
		<truncated>0</truncated>
		<difficult>0</difficult>
		<bndbox>
			<xmin>46</xmin>
			<ymin>211</ymin>
			<xmax>443</xmax>
			<ymax>452</ymax>
		</bndbox>
	</object>
</annotation>
