<annotation>
	<folder>collectedimages</folder>
	<filename>marah.6d01576c-366f-11ed-b660-c03fd5a31d89.jpg</filename>
	<path>E:\RealTimeObjectDetection\Tensorflow\workspace\images\collectedimages\marah.6d01576c-366f-11ed-b660-c03fd5a31d89.jpg</path>
	<source>
		<database>Unknown</database>
	</source>
	<size>
		<width>640</width>
		<height>480</height>
		<depth>3</depth>
	</size>
	<segmented>0</segmented>
	<object>
		<name>Marah</name>
		<pose>Unspecified</pose>
		<truncated>0</truncated>
		<difficult>0</difficult>
		<bndbox>
			<xmin>28</xmin>
			<ymin>204</ymin>
			<xmax>418</xmax>
			<ymax>463</ymax>
		</bndbox>
	</object>
</annotation>
