<annotation>
	<folder>collectedimages</folder>
	<filename>mau.3ef95971-34e4-11ed-81b8-c03fd5a31d89.jpg</filename>
	<path>E:\RealTimeObjectDetection\Tensorflow\workspace\images\collectedimages\mau.3ef95971-34e4-11ed-81b8-c03fd5a31d89.jpg</path>
	<source>
		<database>Unknown</database>
	</source>
	<size>
		<width>640</width>
		<height>480</height>
		<depth>3</depth>
	</size>
	<segmented>0</segmented>
	<object>
		<name>Mau</name>
		<pose>Unspecified</pose>
		<truncated>0</truncated>
		<difficult>0</difficult>
		<bndbox>
			<xmin>42</xmin>
			<ymin>249</ymin>
			<xmax>191</xmax>
			<ymax>394</ymax>
		</bndbox>
	</object>
</annotation>
