<annotation>
	<folder>collectedimages</folder>
	<filename>mau.5ea8a0f3-34e4-11ed-bced-c03fd5a31d89.jpg</filename>
	<path>E:\RealTimeObjectDetection\Tensorflow\workspace\images\collectedimages\mau.5ea8a0f3-34e4-11ed-bced-c03fd5a31d89.jpg</path>
	<source>
		<database>Unknown</database>
	</source>
	<size>
		<width>640</width>
		<height>480</height>
		<depth>3</depth>
	</size>
	<segmented>0</segmented>
	<object>
		<name>Mau</name>
		<pose>Unspecified</pose>
		<truncated>0</truncated>
		<difficult>0</difficult>
		<bndbox>
			<xmin>54</xmin>
			<ymin>308</ymin>
			<xmax>263</xmax>
			<ymax>463</ymax>
		</bndbox>
	</object>
</annotation>
