<annotation>
	<folder>collectedimages</folder>
	<filename>mau.6add083a-34e4-11ed-8678-c03fd5a31d89.jpg</filename>
	<path>E:\RealTimeObjectDetection\Tensorflow\workspace\images\collectedimages\mau.6add083a-34e4-11ed-8678-c03fd5a31d89.jpg</path>
	<source>
		<database>Unknown</database>
	</source>
	<size>
		<width>640</width>
		<height>480</height>
		<depth>3</depth>
	</size>
	<segmented>0</segmented>
	<object>
		<name>Mau</name>
		<pose>Unspecified</pose>
		<truncated>0</truncated>
		<difficult>0</difficult>
		<bndbox>
			<xmin>75</xmin>
			<ymin>259</ymin>
			<xmax>261</xmax>
			<ymax>449</ymax>
		</bndbox>
	</object>
</annotation>
