<annotation>
	<folder>collectedimages</folder>
	<filename>pagi.4be373be-34e2-11ed-bb39-c03fd5a31d89.jpg</filename>
	<path>E:\RealTimeObjectDetection\Tensorflow\workspace\images\collectedimages\pagi.4be373be-34e2-11ed-bb39-c03fd5a31d89.jpg</path>
	<source>
		<database>Unknown</database>
	</source>
	<size>
		<width>640</width>
		<height>480</height>
		<depth>3</depth>
	</size>
	<segmented>0</segmented>
	<object>
		<name>Pagi</name>
		<pose>Unspecified</pose>
		<truncated>0</truncated>
		<difficult>0</difficult>
		<bndbox>
			<xmin>293</xmin>
			<ymin>87</ymin>
			<xmax>537</xmax>
			<ymax>336</ymax>
		</bndbox>
	</object>
</annotation>
