<annotation>
	<folder>collectedimages</folder>
	<filename>pagi.4d19f85d-34e2-11ed-8044-c03fd5a31d89.jpg</filename>
	<path>E:\RealTimeObjectDetection\Tensorflow\workspace\images\collectedimages\pagi.4d19f85d-34e2-11ed-8044-c03fd5a31d89.jpg</path>
	<source>
		<database>Unknown</database>
	</source>
	<size>
		<width>640</width>
		<height>480</height>
		<depth>3</depth>
	</size>
	<segmented>0</segmented>
	<object>
		<name>Pagi</name>
		<pose>Unspecified</pose>
		<truncated>0</truncated>
		<difficult>0</difficult>
		<bndbox>
			<xmin>336</xmin>
			<ymin>81</ymin>
			<xmax>600</xmax>
			<ymax>337</ymax>
		</bndbox>
	</object>
</annotation>
