<annotation>
	<folder>collectedimages</folder>
	<filename>pagi.657e9be5-34e2-11ed-b47a-c03fd5a31d89.jpg</filename>
	<path>E:\RealTimeObjectDetection\Tensorflow\workspace\images\collectedimages\pagi.657e9be5-34e2-11ed-b47a-c03fd5a31d89.jpg</path>
	<source>
		<database>Unknown</database>
	</source>
	<size>
		<width>640</width>
		<height>480</height>
		<depth>3</depth>
	</size>
	<segmented>0</segmented>
	<object>
		<name>Pagi</name>
		<pose>Unspecified</pose>
		<truncated>0</truncated>
		<difficult>0</difficult>
		<bndbox>
			<xmin>232</xmin>
			<ymin>77</ymin>
			<xmax>483</xmax>
			<ymax>260</ymax>
		</bndbox>
	</object>
</annotation>
