<annotation>
	<folder>collectedimages</folder>
	<filename>pagi.56db8aa6-34e2-11ed-81a6-c03fd5a31d89.jpg</filename>
	<path>E:\RealTimeObjectDetection\Tensorflow\workspace\images\collectedimages\pagi.56db8aa6-34e2-11ed-81a6-c03fd5a31d89.jpg</path>
	<source>
		<database>Unknown</database>
	</source>
	<size>
		<width>640</width>
		<height>480</height>
		<depth>3</depth>
	</size>
	<segmented>0</segmented>
	<object>
		<name>Pagi</name>
		<pose>Unspecified</pose>
		<truncated>0</truncated>
		<difficult>0</difficult>
		<bndbox>
			<xmin>236</xmin>
			<ymin>82</ymin>
			<xmax>472</xmax>
			<ymax>263</ymax>
		</bndbox>
	</object>
</annotation>
