<annotation>
	<folder>collectedimages</folder>
	<filename>pagi.51fc8756-34e2-11ed-af70-c03fd5a31d89.jpg</filename>
	<path>E:\RealTimeObjectDetection\Tensorflow\workspace\images\collectedimages\pagi.51fc8756-34e2-11ed-af70-c03fd5a31d89.jpg</path>
	<source>
		<database>Unknown</database>
	</source>
	<size>
		<width>640</width>
		<height>480</height>
		<depth>3</depth>
	</size>
	<segmented>0</segmented>
	<object>
		<name>Pagi</name>
		<pose>Unspecified</pose>
		<truncated>0</truncated>
		<difficult>0</difficult>
		<bndbox>
			<xmin>206</xmin>
			<ymin>37</ymin>
			<xmax>447</xmax>
			<ymax>205</ymax>
		</bndbox>
	</object>
</annotation>
