<annotation>
	<folder>collectedimages</folder>
	<filename>pagi.630e98fd-34e2-11ed-b437-c03fd5a31d89.jpg</filename>
	<path>E:\RealTimeObjectDetection\Tensorflow\workspace\images\collectedimages\pagi.630e98fd-34e2-11ed-b437-c03fd5a31d89.jpg</path>
	<source>
		<database>Unknown</database>
	</source>
	<size>
		<width>640</width>
		<height>480</height>
		<depth>3</depth>
	</size>
	<segmented>0</segmented>
	<object>
		<name>Pagi</name>
		<pose>Unspecified</pose>
		<truncated>0</truncated>
		<difficult>0</difficult>
		<bndbox>
			<xmin>290</xmin>
			<ymin>85</ymin>
			<xmax>530</xmax>
			<ymax>277</ymax>
		</bndbox>
	</object>
</annotation>
