<annotation>
	<folder>collectedimages</folder>
	<filename>pagi.5f67d2f4-34e2-11ed-99e6-c03fd5a31d89.jpg</filename>
	<path>E:\RealTimeObjectDetection\Tensorflow\workspace\images\collectedimages\pagi.5f67d2f4-34e2-11ed-99e6-c03fd5a31d89.jpg</path>
	<source>
		<database>Unknown</database>
	</source>
	<size>
		<width>640</width>
		<height>480</height>
		<depth>3</depth>
	</size>
	<segmented>0</segmented>
	<object>
		<name>Pagi</name>
		<pose>Unspecified</pose>
		<truncated>0</truncated>
		<difficult>0</difficult>
		<bndbox>
			<xmin>285</xmin>
			<ymin>69</ymin>
			<xmax>508</xmax>
			<ymax>252</ymax>
		</bndbox>
	</object>
</annotation>
