<annotation>
	<folder>collectedimages</folder>
	<filename>pagi.594cc1f9-34e2-11ed-a75e-c03fd5a31d89.jpg</filename>
	<path>E:\RealTimeObjectDetection\Tensorflow\workspace\images\collectedimages\pagi.594cc1f9-34e2-11ed-a75e-c03fd5a31d89.jpg</path>
	<source>
		<database>Unknown</database>
	</source>
	<size>
		<width>640</width>
		<height>480</height>
		<depth>3</depth>
	</size>
	<segmented>0</segmented>
	<object>
		<name>Pagi</name>
		<pose>Unspecified</pose>
		<truncated>0</truncated>
		<difficult>0</difficult>
		<bndbox>
			<xmin>302</xmin>
			<ymin>55</ymin>
			<xmax>480</xmax>
			<ymax>212</ymax>
		</bndbox>
	</object>
</annotation>
