<annotation>
	<folder>collectedimages</folder>
	<filename>pagi.55a4e68c-34e2-11ed-8a8a-c03fd5a31d89.jpg</filename>
	<path>E:\RealTimeObjectDetection\Tensorflow\workspace\images\collectedimages\pagi.55a4e68c-34e2-11ed-8a8a-c03fd5a31d89.jpg</path>
	<source>
		<database>Unknown</database>
	</source>
	<size>
		<width>640</width>
		<height>480</height>
		<depth>3</depth>
	</size>
	<segmented>0</segmented>
	<object>
		<name>Pagi</name>
		<pose>Unspecified</pose>
		<truncated>0</truncated>
		<difficult>0</difficult>
		<bndbox>
			<xmin>239</xmin>
			<ymin>86</ymin>
			<xmax>482</xmax>
			<ymax>283</ymax>
		</bndbox>
	</object>
</annotation>
