<annotation>
	<folder>collectedimages</folder>
	<filename>pergi.cca39a45-34e6-11ed-986b-c03fd5a31d89.jpg</filename>
	<path>E:\RealTimeObjectDetection\Tensorflow\workspace\images\collectedimages\pergi.cca39a45-34e6-11ed-986b-c03fd5a31d89.jpg</path>
	<source>
		<database>Unknown</database>
	</source>
	<size>
		<width>640</width>
		<height>480</height>
		<depth>3</depth>
	</size>
	<segmented>0</segmented>
	<object>
		<name>Pergi</name>
		<pose>Unspecified</pose>
		<truncated>1</truncated>
		<difficult>0</difficult>
		<bndbox>
			<xmin>1</xmin>
			<ymin>238</ymin>
			<xmax>525</xmax>
			<ymax>430</ymax>
		</bndbox>
	</object>
</annotation>
