<annotation>
	<folder>collectedimages</folder>
	<filename>pergi.c072646a-34e6-11ed-ad47-c03fd5a31d89.jpg</filename>
	<path>E:\RealTimeObjectDetection\Tensorflow\workspace\images\collectedimages\pergi.c072646a-34e6-11ed-ad47-c03fd5a31d89.jpg</path>
	<source>
		<database>Unknown</database>
	</source>
	<size>
		<width>640</width>
		<height>480</height>
		<depth>3</depth>
	</size>
	<segmented>0</segmented>
	<object>
		<name>Pergi</name>
		<pose>Unspecified</pose>
		<truncated>1</truncated>
		<difficult>0</difficult>
		<bndbox>
			<xmin>1</xmin>
			<ymin>201</ymin>
			<xmax>475</xmax>
			<ymax>445</ymax>
		</bndbox>
	</object>
</annotation>
