<annotation>
	<folder>collectedimages</folder>
	<filename>pergi.c2e3d9df-34e6-11ed-aada-c03fd5a31d89.jpg</filename>
	<path>E:\RealTimeObjectDetection\Tensorflow\workspace\images\collectedimages\pergi.c2e3d9df-34e6-11ed-aada-c03fd5a31d89.jpg</path>
	<source>
		<database>Unknown</database>
	</source>
	<size>
		<width>640</width>
		<height>480</height>
		<depth>3</depth>
	</size>
	<segmented>0</segmented>
	<object>
		<name>Pergi</name>
		<pose>Unspecified</pose>
		<truncated>0</truncated>
		<difficult>0</difficult>
		<bndbox>
			<xmin>2</xmin>
			<ymin>196</ymin>
			<xmax>458</xmax>
			<ymax>405</ymax>
		</bndbox>
	</object>
</annotation>
