<annotation>
	<folder>collectedimages</folder>
	<filename>pergi.e9e5365f-34e6-11ed-9761-c03fd5a31d89.jpg</filename>
	<path>E:\RealTimeObjectDetection\Tensorflow\workspace\images\collectedimages\pergi.e9e5365f-34e6-11ed-9761-c03fd5a31d89.jpg</path>
	<source>
		<database>Unknown</database>
	</source>
	<size>
		<width>640</width>
		<height>480</height>
		<depth>3</depth>
	</size>
	<segmented>0</segmented>
	<object>
		<name>Pergi</name>
		<pose>Unspecified</pose>
		<truncated>0</truncated>
		<difficult>0</difficult>
		<bndbox>
			<xmin>3</xmin>
			<ymin>240</ymin>
			<xmax>452</xmax>
			<ymax>422</ymax>
		</bndbox>
	</object>
</annotation>
