<annotation>
	<folder>collectedimages</folder>
	<filename>rumah.5a299483-3670-11ed-ac96-c03fd5a31d89.jpg</filename>
	<path>E:\RealTimeObjectDetection\Tensorflow\workspace\images\collectedimages\rumah.5a299483-3670-11ed-ac96-c03fd5a31d89.jpg</path>
	<source>
		<database>Unknown</database>
	</source>
	<size>
		<width>640</width>
		<height>480</height>
		<depth>3</depth>
	</size>
	<segmented>0</segmented>
	<object>
		<name>Rumah</name>
		<pose>Unspecified</pose>
		<truncated>0</truncated>
		<difficult>0</difficult>
		<bndbox>
			<xmin>120</xmin>
			<ymin>215</ymin>
			<xmax>383</xmax>
			<ymax>444</ymax>
		</bndbox>
	</object>
</annotation>
