<annotation>
	<folder>collectedimages</folder>
	<filename>rumah.678fb8c5-3670-11ed-8be3-c03fd5a31d89.jpg</filename>
	<path>E:\RealTimeObjectDetection\Tensorflow\workspace\images\collectedimages\rumah.678fb8c5-3670-11ed-8be3-c03fd5a31d89.jpg</path>
	<source>
		<database>Unknown</database>
	</source>
	<size>
		<width>640</width>
		<height>480</height>
		<depth>3</depth>
	</size>
	<segmented>0</segmented>
	<object>
		<name>Rumah</name>
		<pose>Unspecified</pose>
		<truncated>0</truncated>
		<difficult>0</difficult>
		<bndbox>
			<xmin>68</xmin>
			<ymin>210</ymin>
			<xmax>451</xmax>
			<ymax>469</ymax>
		</bndbox>
	</object>
</annotation>
