<annotation>
	<folder>collectedimages</folder>
	<filename>rumah.6b36eb10-3670-11ed-9b11-c03fd5a31d89.jpg</filename>
	<path>E:\RealTimeObjectDetection\Tensorflow\workspace\images\collectedimages\rumah.6b36eb10-3670-11ed-9b11-c03fd5a31d89.jpg</path>
	<source>
		<database>Unknown</database>
	</source>
	<size>
		<width>640</width>
		<height>480</height>
		<depth>3</depth>
	</size>
	<segmented>0</segmented>
	<object>
		<name>Rumah</name>
		<pose>Unspecified</pose>
		<truncated>1</truncated>
		<difficult>0</difficult>
		<bndbox>
			<xmin>121</xmin>
			<ymin>246</ymin>
			<xmax>376</xmax>
			<ymax>480</ymax>
		</bndbox>
	</object>
</annotation>
