<annotation>
	<folder>collectedimages</folder>
	<filename>rumah.56814d27-3670-11ed-a7a2-c03fd5a31d89.jpg</filename>
	<path>E:\RealTimeObjectDetection\Tensorflow\workspace\images\collectedimages\rumah.56814d27-3670-11ed-a7a2-c03fd5a31d89.jpg</path>
	<source>
		<database>Unknown</database>
	</source>
	<size>
		<width>640</width>
		<height>480</height>
		<depth>3</depth>
	</size>
	<segmented>0</segmented>
	<object>
		<name>Rumah</name>
		<pose>Unspecified</pose>
		<truncated>0</truncated>
		<difficult>0</difficult>
		<bndbox>
			<xmin>123</xmin>
			<ymin>199</ymin>
			<xmax>400</xmax>
			<ymax>460</ymax>
		</bndbox>
	</object>
</annotation>
