<annotation>
	<folder>collectedimages</folder>
	<filename>rumah.789e3a9f-3670-11ed-9d75-c03fd5a31d89.jpg</filename>
	<path>E:\RealTimeObjectDetection\Tensorflow\workspace\images\collectedimages\rumah.789e3a9f-3670-11ed-9d75-c03fd5a31d89.jpg</path>
	<source>
		<database>Unknown</database>
	</source>
	<size>
		<width>640</width>
		<height>480</height>
		<depth>3</depth>
	</size>
	<segmented>0</segmented>
	<object>
		<name>Rumah</name>
		<pose>Unspecified</pose>
		<truncated>0</truncated>
		<difficult>0</difficult>
		<bndbox>
			<xmin>92</xmin>
			<ymin>197</ymin>
			<xmax>423</xmax>
			<ymax>465</ymax>
		</bndbox>
	</object>
</annotation>
