<annotation>
	<folder>collectedimages</folder>
	<filename>saya.5c132120-34e3-11ed-87da-c03fd5a31d89.jpg</filename>
	<path>E:\RealTimeObjectDetection\Tensorflow\workspace\images\collectedimages\saya.5c132120-34e3-11ed-87da-c03fd5a31d89.jpg</path>
	<source>
		<database>Unknown</database>
	</source>
	<size>
		<width>640</width>
		<height>480</height>
		<depth>3</depth>
	</size>
	<segmented>0</segmented>
	<object>
		<name>Saya</name>
		<pose>Unspecified</pose>
		<truncated>0</truncated>
		<difficult>0</difficult>
		<bndbox>
			<xmin>154</xmin>
			<ymin>167</ymin>
			<xmax>458</xmax>
			<ymax>406</ymax>
		</bndbox>
	</object>
</annotation>
