<annotation>
	<folder>collectedimages</folder>
	<filename>saya.3ed35419-34e3-11ed-9e91-c03fd5a31d89.jpg</filename>
	<path>E:\RealTimeObjectDetection\Tensorflow\workspace\images\collectedimages\saya.3ed35419-34e3-11ed-9e91-c03fd5a31d89.jpg</path>
	<source>
		<database>Unknown</database>
	</source>
	<size>
		<width>640</width>
		<height>480</height>
		<depth>3</depth>
	</size>
	<segmented>0</segmented>
	<object>
		<name>Saya</name>
		<pose>Unspecified</pose>
		<truncated>0</truncated>
		<difficult>0</difficult>
		<bndbox>
			<xmin>38</xmin>
			<ymin>130</ymin>
			<xmax>368</xmax>
			<ymax>389</ymax>
		</bndbox>
	</object>
</annotation>
