<annotation>
	<folder>collectedimages</folder>
	<filename>saya.59a038f9-34e3-11ed-baa7-c03fd5a31d89.jpg</filename>
	<path>E:\RealTimeObjectDetection\Tensorflow\workspace\images\collectedimages\saya.59a038f9-34e3-11ed-baa7-c03fd5a31d89.jpg</path>
	<source>
		<database>Unknown</database>
	</source>
	<size>
		<width>640</width>
		<height>480</height>
		<depth>3</depth>
	</size>
	<segmented>0</segmented>
	<object>
		<name>Saya</name>
		<pose>Unspecified</pose>
		<truncated>0</truncated>
		<difficult>0</difficult>
		<bndbox>
			<xmin>87</xmin>
			<ymin>93</ymin>
			<xmax>358</xmax>
			<ymax>333</ymax>
		</bndbox>
	</object>
</annotation>
