<annotation>
	<folder>collectedimages</folder>
	<filename>saya.572f8bc2-34e3-11ed-a376-c03fd5a31d89.jpg</filename>
	<path>E:\RealTimeObjectDetection\Tensorflow\workspace\images\collectedimages\saya.572f8bc2-34e3-11ed-a376-c03fd5a31d89.jpg</path>
	<source>
		<database>Unknown</database>
	</source>
	<size>
		<width>640</width>
		<height>480</height>
		<depth>3</depth>
	</size>
	<segmented>0</segmented>
	<object>
		<name>Saya</name>
		<pose>Unspecified</pose>
		<truncated>0</truncated>
		<difficult>0</difficult>
		<bndbox>
			<xmin>84</xmin>
			<ymin>97</ymin>
			<xmax>386</xmax>
			<ymax>357</ymax>
		</bndbox>
	</object>
</annotation>
