<annotation>
	<folder>collectedimages</folder>
	<filename>saya.3649c58a-34e3-11ed-bc01-c03fd5a31d89.jpg</filename>
	<path>E:\RealTimeObjectDetection\Tensorflow\workspace\images\collectedimages\saya.3649c58a-34e3-11ed-bc01-c03fd5a31d89.jpg</path>
	<source>
		<database>Unknown</database>
	</source>
	<size>
		<width>640</width>
		<height>480</height>
		<depth>3</depth>
	</size>
	<segmented>0</segmented>
	<object>
		<name>Saya</name>
		<pose>Unspecified</pose>
		<truncated>0</truncated>
		<difficult>0</difficult>
		<bndbox>
			<xmin>64</xmin>
			<ymin>230</ymin>
			<xmax>217</xmax>
			<ymax>394</ymax>
		</bndbox>
	</object>
</annotation>
