<annotation>
	<folder>collectedimages</folder>
	<filename>saya.4c361814-34e3-11ed-b6b6-c03fd5a31d89.jpg</filename>
	<path>E:\RealTimeObjectDetection\Tensorflow\workspace\images\collectedimages\saya.4c361814-34e3-11ed-b6b6-c03fd5a31d89.jpg</path>
	<source>
		<database>Unknown</database>
	</source>
	<size>
		<width>640</width>
		<height>480</height>
		<depth>3</depth>
	</size>
	<segmented>0</segmented>
	<object>
		<name>Saya</name>
		<pose>Unspecified</pose>
		<truncated>0</truncated>
		<difficult>0</difficult>
		<bndbox>
			<xmin>39</xmin>
			<ymin>151</ymin>
			<xmax>352</xmax>
			<ymax>415</ymax>
		</bndbox>
	</object>
</annotation>
